model,condition,run,lemma,correct,total,accuracy
10L_90NL_1_1,10L_90NL,1,i n f ɾ i n ç ˈi ɾ,653,660,98.94
10L_90NL_1_2,10L_90NL,1,i n f ɾ i n ç ˈi ɾ,366,660,55.45
10L_90NL_1_3,10L_90NL,1,i n f ɾ i n ç ˈi ɾ,344,660,52.12
10L_90NL_1_4,10L_90NL,1,i n f ɾ i n ç ˈi ɾ,660,660,100.0
10L_90NL_1_1,10L_90NL,1,k o m p a d e s ˈe ɾ,527,660,79.85
10L_90NL_1_2,10L_90NL,1,k o m p a d e s ˈe ɾ,185,660,28.03
10L_90NL_1_3,10L_90NL,1,k o m p a d e s ˈe ɾ,170,660,25.76
10L_90NL_1_4,10L_90NL,1,k o m p a d e s ˈe ɾ,660,660,100.0
10L_90NL_1_1,10L_90NL,1,k o n o s ˈe ɾ,555,660,84.09
10L_90NL_1_2,10L_90NL,1,k o n o s ˈe ɾ,305,660,46.21
10L_90NL_1_3,10L_90NL,1,k o n o s ˈe ɾ,285,660,43.18
10L_90NL_1_4,10L_90NL,1,k o n o s ˈe ɾ,499,660,75.61
10L_90NL_1_1,10L_90NL,1,m e ɾ e s ˈe ɾ,328,660,49.7
10L_90NL_1_2,10L_90NL,1,m e ɾ e s ˈe ɾ,271,660,41.06
10L_90NL_1_3,10L_90NL,1,m e ɾ e s ˈe ɾ,206,660,31.21
10L_90NL_1_4,10L_90NL,1,m e ɾ e s ˈe ɾ,559,660,84.7
10L_90NL_1_1,10L_90NL,1,m u l ç ˈe ɾ,504,660,76.36
10L_90NL_1_2,10L_90NL,1,m u l ç ˈe ɾ,225,660,34.09
10L_90NL_1_3,10L_90NL,1,m u l ç ˈe ɾ,109,660,16.52
10L_90NL_1_4,10L_90NL,1,m u l ç ˈe ɾ,385,660,58.33
10L_90NL_1_1,10L_90NL,1,o b t e n ˈe ɾ,362,660,54.85
10L_90NL_1_2,10L_90NL,1,o b t e n ˈe ɾ,183,660,27.73
10L_90NL_1_3,10L_90NL,1,o b t e n ˈe ɾ,102,660,15.45
10L_90NL_1_4,10L_90NL,1,o b t e n ˈe ɾ,594,660,90.0
10L_90NL_1_1,10L_90NL,1,s u p e ɾ b e n ˈi ɾ,444,660,67.27
10L_90NL_1_2,10L_90NL,1,s u p e ɾ b e n ˈi ɾ,147,660,22.27
10L_90NL_1_3,10L_90NL,1,s u p e ɾ b e n ˈi ɾ,76,660,11.52
10L_90NL_1_4,10L_90NL,1,s u p e ɾ b e n ˈi ɾ,422,660,63.94
10L_90NL_2_1,10L_90NL,2,b e n d e s ˈi ɾ,156,660,23.64
10L_90NL_2_2,10L_90NL,2,b e n d e s ˈi ɾ,161,660,24.39
10L_90NL_2_3,10L_90NL,2,b e n d e s ˈi ɾ,160,660,24.24
10L_90NL_2_4,10L_90NL,2,b e n d e s ˈi ɾ,155,660,23.48
10L_90NL_2_1,10L_90NL,2,d e b e n ˈi ɾ,313,660,47.42
10L_90NL_2_2,10L_90NL,2,d e b e n ˈi ɾ,289,660,43.79
10L_90NL_2_3,10L_90NL,2,d e b e n ˈi ɾ,313,660,47.42
10L_90NL_2_4,10L_90NL,2,d e b e n ˈi ɾ,325,660,49.24
10L_90NL_2_1,10L_90NL,2,e m u n ç ˈe ɾ,372,660,56.36
10L_90NL_2_2,10L_90NL,2,e m u n ç ˈe ɾ,336,660,50.91
10L_90NL_2_3,10L_90NL,2,e m u n ç ˈe ɾ,343,660,51.97
10L_90NL_2_4,10L_90NL,2,e m u n ç ˈe ɾ,412,660,62.42
10L_90NL_2_1,10L_90NL,2,e n k a n e s ˈe ɾ,659,660,99.85
10L_90NL_2_2,10L_90NL,2,e n k a n e s ˈe ɾ,298,660,45.15
10L_90NL_2_3,10L_90NL,2,e n k a n e s ˈe ɾ,334,660,50.61
10L_90NL_2_4,10L_90NL,2,e n k a n e s ˈe ɾ,653,660,98.94
10L_90NL_2_1,10L_90NL,2,e n s o ɾ d e s ˈe ɾ,654,660,99.09
10L_90NL_2_2,10L_90NL,2,e n s o ɾ d e s ˈe ɾ,308,660,46.67
10L_90NL_2_3,10L_90NL,2,e n s o ɾ d e s ˈe ɾ,351,660,53.18
10L_90NL_2_4,10L_90NL,2,e n s o ɾ d e s ˈe ɾ,575,660,87.12
10L_90NL_2_1,10L_90NL,2,k o n b e n s ˈe ɾ,339,660,51.36
10L_90NL_2_2,10L_90NL,2,k o n b e n s ˈe ɾ,361,660,54.7
10L_90NL_2_3,10L_90NL,2,k o n b e n s ˈe ɾ,525,660,79.55
10L_90NL_2_4,10L_90NL,2,k o n b e n s ˈe ɾ,196,660,29.7
10L_90NL_2_1,10L_90NL,2,o f ɾ e s ˈe ɾ,564,660,85.45
10L_90NL_2_2,10L_90NL,2,o f ɾ e s ˈe ɾ,318,660,48.18
10L_90NL_2_3,10L_90NL,2,o f ɾ e s ˈe ɾ,346,660,52.42
10L_90NL_2_4,10L_90NL,2,o f ɾ e s ˈe ɾ,567,660,85.91
10L_90NL_3_1,10L_90NL,3,a n t e d e s ˈi ɾ,176,660,26.67
10L_90NL_3_2,10L_90NL,3,a n t e d e s ˈi ɾ,203,660,30.76
10L_90NL_3_3,10L_90NL,3,a n t e d e s ˈi ɾ,213,660,32.27
10L_90NL_3_4,10L_90NL,3,a n t e d e s ˈi ɾ,205,660,31.06
10L_90NL_3_1,10L_90NL,3,e n a l t e s ˈe ɾ,621,660,94.09
10L_90NL_3_2,10L_90NL,3,e n a l t e s ˈe ɾ,200,660,30.3
10L_90NL_3_3,10L_90NL,3,e n a l t e s ˈe ɾ,292,660,44.24
10L_90NL_3_4,10L_90NL,3,e n a l t e s ˈe ɾ,549,660,83.18
10L_90NL_3_1,10L_90NL,3,e n ɾ i k e s ˈe ɾ,660,660,100.0
10L_90NL_3_2,10L_90NL,3,e n ɾ i k e s ˈe ɾ,279,660,42.27
10L_90NL_3_3,10L_90NL,3,e n ɾ i k e s ˈe ɾ,323,660,48.94
10L_90NL_3_4,10L_90NL,3,e n ɾ i k e s ˈe ɾ,639,660,96.82
10L_90NL_3_1,10L_90NL,3,m a l d e s ˈi ɾ,196,660,29.7
10L_90NL_3_2,10L_90NL,3,m a l d e s ˈi ɾ,202,660,30.61
10L_90NL_3_3,10L_90NL,3,m a l d e s ˈi ɾ,197,660,29.85
10L_90NL_3_4,10L_90NL,3,m a l d e s ˈi ɾ,224,660,33.94
10L_90NL_3_1,10L_90NL,3,m u l s ˈe ɾ,638,660,96.67
10L_90NL_3_2,10L_90NL,3,m u l s ˈe ɾ,582,660,88.18
10L_90NL_3_3,10L_90NL,3,m u l s ˈe ɾ,594,660,90.0
10L_90NL_3_4,10L_90NL,3,m u l s ˈe ɾ,660,660,100.0
10L_90NL_3_1,10L_90NL,3,p a l i d e s ˈe ɾ,660,660,100.0
10L_90NL_3_2,10L_90NL,3,p a l i d e s ˈe ɾ,295,660,44.7
10L_90NL_3_3,10L_90NL,3,p a l i d e s ˈe ɾ,305,660,46.21
10L_90NL_3_4,10L_90NL,3,p a l i d e s ˈe ɾ,626,660,94.85
10L_90NL_3_1,10L_90NL,3,ɾ e a b a s t e s ˈe ɾ,634,660,96.06
10L_90NL_3_2,10L_90NL,3,ɾ e a b a s t e s ˈe ɾ,151,660,22.88
10L_90NL_3_3,10L_90NL,3,ɾ e a b a s t e s ˈe ɾ,93,660,14.09
10L_90NL_3_4,10L_90NL,3,ɾ e a b a s t e s ˈe ɾ,480,660,72.73
50L_50NL_1_1,50L_50NL,1,a b o r e s ˈe ɾ,660,660,100.0
50L_50NL_1_2,50L_50NL,1,a b o r e s ˈe ɾ,481,660,72.88
50L_50NL_1_3,50L_50NL,1,a b o r e s ˈe ɾ,533,660,80.76
50L_50NL_1_4,50L_50NL,1,a b o r e s ˈe ɾ,660,660,100.0
50L_50NL_1_1,50L_50NL,1,a n o ʧ e s ˈe ɾ,660,660,100.0
50L_50NL_1_2,50L_50NL,1,a n o ʧ e s ˈe ɾ,511,660,77.42
50L_50NL_1_3,50L_50NL,1,a n o ʧ e s ˈe ɾ,548,660,83.03
50L_50NL_1_4,50L_50NL,1,a n o ʧ e s ˈe ɾ,660,660,100.0
50L_50NL_1_1,50L_50NL,1,a n t e d e s ˈi ɾ,594,660,90.0
50L_50NL_1_2,50L_50NL,1,a n t e d e s ˈi ɾ,367,660,55.61
50L_50NL_1_3,50L_50NL,1,a n t e d e s ˈi ɾ,329,660,49.85
50L_50NL_1_4,50L_50NL,1,a n t e d e s ˈi ɾ,660,660,100.0
50L_50NL_1_1,50L_50NL,1,a p a ɾ e s ˈe ɾ,660,660,100.0
50L_50NL_1_2,50L_50NL,1,a p a ɾ e s ˈe ɾ,501,660,75.91
50L_50NL_1_3,50L_50NL,1,a p a ɾ e s ˈe ɾ,545,660,82.58
50L_50NL_1_4,50L_50NL,1,a p a ɾ e s ˈe ɾ,660,660,100.0
50L_50NL_1_1,50L_50NL,1,a s t ɾ i n ç ˈi ɾ,660,660,100.0
50L_50NL_1_2,50L_50NL,1,a s t ɾ i n ç ˈi ɾ,420,660,63.64
50L_50NL_1_3,50L_50NL,1,a s t ɾ i n ç ˈi ɾ,362,660,54.85
50L_50NL_1_4,50L_50NL,1,a s t ɾ i n ç ˈi ɾ,660,660,100.0
50L_50NL_1_1,50L_50NL,1,b a l b u s ˈi ɾ,0,660,0.0
50L_50NL_1_2,50L_50NL,1,b a l b u s ˈi ɾ,495,660,75.0
50L_50NL_1_3,50L_50NL,1,b a l b u s ˈi ɾ,422,660,63.94
50L_50NL_1_4,50L_50NL,1,b a l b u s ˈi ɾ,658,660,99.7
50L_50NL_1_1,50L_50NL,1,d e p o n ˈe ɾ,660,660,100.0
50L_50NL_1_2,50L_50NL,1,d e p o n ˈe ɾ,368,660,55.76
50L_50NL_1_3,50L_50NL,1,d e p o n ˈe ɾ,332,660,50.3
50L_50NL_1_4,50L_50NL,1,d e p o n ˈe ɾ,660,660,100.0
50L_50NL_1_1,50L_50NL,1,d e s a s ˈe ɾ,272,660,41.21
50L_50NL_1_2,50L_50NL,1,d e s a s ˈe ɾ,364,660,55.15
50L_50NL_1_3,50L_50NL,1,d e s a s ˈe ɾ,313,660,47.42
50L_50NL_1_4,50L_50NL,1,d e s a s ˈe ɾ,331,660,50.15
50L_50NL_1_1,50L_50NL,1,d e s k o m p o n ˈe ɾ,660,660,100.0
50L_50NL_1_2,50L_50NL,1,d e s k o m p o n ˈe ɾ,392,660,59.39
50L_50NL_1_3,50L_50NL,1,d e s k o m p o n ˈe ɾ,400,660,60.61
50L_50NL_1_4,50L_50NL,1,d e s k o m p o n ˈe ɾ,660,660,100.0
50L_50NL_1_1,50L_50NL,1,d i s t ɾ a ˈe ɾ,660,660,100.0
50L_50NL_1_2,50L_50NL,1,d i s t ɾ a ˈe ɾ,326,660,49.39
50L_50NL_1_3,50L_50NL,1,d i s t ɾ a ˈe ɾ,318,660,48.18
50L_50NL_1_4,50L_50NL,1,d i s t ɾ a ˈe ɾ,647,660,98.03
50L_50NL_1_1,50L_50NL,1,e k i b a l ˈe ɾ,357,660,54.09
50L_50NL_1_2,50L_50NL,1,e k i b a l ˈe ɾ,388,660,58.79
50L_50NL_1_3,50L_50NL,1,e k i b a l ˈe ɾ,434,660,65.76
50L_50NL_1_4,50L_50NL,1,e k i b a l ˈe ɾ,660,660,100.0
50L_50NL_1_1,50L_50NL,1,e m b e ʃ e s ˈe ɾ,660,660,100.0
50L_50NL_1_2,50L_50NL,1,e m b e ʃ e s ˈe ɾ,361,660,54.7
50L_50NL_1_3,50L_50NL,1,e m b e ʃ e s ˈe ɾ,237,660,35.91
50L_50NL_1_4,50L_50NL,1,e m b e ʃ e s ˈe ɾ,659,660,99.85
50L_50NL_1_1,50L_50NL,1,e m p o d ɾ e s ˈe ɾ,389,660,58.94
50L_50NL_1_2,50L_50NL,1,e m p o d ɾ e s ˈe ɾ,236,660,35.76
50L_50NL_1_3,50L_50NL,1,e m p o d ɾ e s ˈe ɾ,30,660,4.55
50L_50NL_1_4,50L_50NL,1,e m p o d ɾ e s ˈe ɾ,660,660,100.0
50L_50NL_1_1,50L_50NL,1,e n b e x e s ˈe ɾ,398,660,60.3
50L_50NL_1_2,50L_50NL,1,e n b e x e s ˈe ɾ,488,660,73.94
50L_50NL_1_3,50L_50NL,1,e n b e x e s ˈe ɾ,464,660,70.3
50L_50NL_1_4,50L_50NL,1,e n b e x e s ˈe ɾ,660,660,100.0
50L_50NL_1_1,50L_50NL,1,e n f l a k e s ˈe ɾ,660,660,100.0
50L_50NL_1_2,50L_50NL,1,e n f l a k e s ˈe ɾ,538,660,81.52
50L_50NL_1_3,50L_50NL,1,e n f l a k e s ˈe ɾ,385,660,58.33
50L_50NL_1_4,50L_50NL,1,e n f l a k e s ˈe ɾ,660,660,100.0
50L_50NL_1_1,50L_50NL,1,e n k a ɾ e s ˈe ɾ,660,660,100.0
50L_50NL_1_2,50L_50NL,1,e n k a ɾ e s ˈe ɾ,562,660,85.15
50L_50NL_1_3,50L_50NL,1,e n k a ɾ e s ˈe ɾ,543,660,82.27
50L_50NL_1_4,50L_50NL,1,e n k a ɾ e s ˈe ɾ,660,660,100.0
50L_50NL_1_1,50L_50NL,1,e n m o e s ˈe ɾ,0,660,0.0
50L_50NL_1_2,50L_50NL,1,e n m o e s ˈe ɾ,80,660,12.12
50L_50NL_1_3,50L_50NL,1,e n m o e s ˈe ɾ,76,660,11.52
50L_50NL_1_4,50L_50NL,1,e n m o e s ˈe ɾ,0,660,0.0
50L_50NL_1_1,50L_50NL,1,e n o ɾ ɡ u ʃ e s ˈe ɾ,660,660,100.0
50L_50NL_1_2,50L_50NL,1,e n o ɾ ɡ u ʃ e s ˈe ɾ,462,660,70.0
50L_50NL_1_3,50L_50NL,1,e n o ɾ ɡ u ʃ e s ˈe ɾ,4,660,0.61
50L_50NL_1_4,50L_50NL,1,e n o ɾ ɡ u ʃ e s ˈe ɾ,660,660,100.0
50L_50NL_1_1,50L_50NL,1,e n t e ɾ n e s ˈe ɾ,660,660,100.0
50L_50NL_1_2,50L_50NL,1,e n t e ɾ n e s ˈe ɾ,506,660,76.67
50L_50NL_1_3,50L_50NL,1,e n t e ɾ n e s ˈe ɾ,400,660,60.61
50L_50NL_1_4,50L_50NL,1,e n t e ɾ n e s ˈe ɾ,660,660,100.0
50L_50NL_1_1,50L_50NL,1,e n ɾ o x e s ˈe ɾ,384,660,58.18
50L_50NL_1_2,50L_50NL,1,e n ɾ o x e s ˈe ɾ,484,660,73.33
50L_50NL_1_3,50L_50NL,1,e n ɾ o x e s ˈe ɾ,535,660,81.06
50L_50NL_1_4,50L_50NL,1,e n ɾ o x e s ˈe ɾ,660,660,100.0
50L_50NL_1_1,50L_50NL,1,e s t a b l e s ˈe ɾ,660,660,100.0
50L_50NL_1_2,50L_50NL,1,e s t a b l e s ˈe ɾ,466,660,70.61
50L_50NL_1_3,50L_50NL,1,e s t a b l e s ˈe ɾ,513,660,77.73
50L_50NL_1_4,50L_50NL,1,e s t a b l e s ˈe ɾ,659,660,99.85
50L_50NL_1_1,50L_50NL,1,f u l ç ˈi ɾ,645,660,97.73
50L_50NL_1_2,50L_50NL,1,f u l ç ˈi ɾ,380,660,57.58
50L_50NL_1_3,50L_50NL,1,f u l ç ˈi ɾ,378,660,57.27
50L_50NL_1_4,50L_50NL,1,f u l ç ˈi ɾ,659,660,99.85
50L_50NL_1_1,50L_50NL,1,f ɾ a n ç ˈi ɾ,660,660,100.0
50L_50NL_1_2,50L_50NL,1,f ɾ a n ç ˈi ɾ,331,660,50.15
50L_50NL_1_3,50L_50NL,1,f ɾ a n ç ˈi ɾ,317,660,48.03
50L_50NL_1_4,50L_50NL,1,f ɾ a n ç ˈi ɾ,660,660,100.0
50L_50NL_1_1,50L_50NL,1,k a ˈe ɾ,612,660,92.73
50L_50NL_1_2,50L_50NL,1,k a ˈe ɾ,281,660,42.58
50L_50NL_1_3,50L_50NL,1,k a ˈe ɾ,253,660,38.33
50L_50NL_1_4,50L_50NL,1,k a ˈe ɾ,660,660,100.0
50L_50NL_1_1,50L_50NL,1,k o m p a ɾ e s ˈe ɾ,660,660,100.0
50L_50NL_1_2,50L_50NL,1,k o m p a ɾ e s ˈe ɾ,464,660,70.3
50L_50NL_1_3,50L_50NL,1,k o m p a ɾ e s ˈe ɾ,515,660,78.03
50L_50NL_1_4,50L_50NL,1,k o m p a ɾ e s ˈe ɾ,660,660,100.0
50L_50NL_1_1,50L_50NL,1,k o n t ɾ a a s ˈe ɾ,0,660,0.0
50L_50NL_1_2,50L_50NL,1,k o n t ɾ a a s ˈe ɾ,342,660,51.82
50L_50NL_1_3,50L_50NL,1,k o n t ɾ a a s ˈe ɾ,271,660,41.06
50L_50NL_1_4,50L_50NL,1,k o n t ɾ a a s ˈe ɾ,646,660,97.88
50L_50NL_1_1,50L_50NL,1,p ɾ e b a l e s ˈe ɾ,660,660,100.0
50L_50NL_1_2,50L_50NL,1,p ɾ e b a l e s ˈe ɾ,432,660,65.45
50L_50NL_1_3,50L_50NL,1,p ɾ e b a l e s ˈe ɾ,418,660,63.33
50L_50NL_1_4,50L_50NL,1,p ɾ e b a l e s ˈe ɾ,660,660,100.0
50L_50NL_1_1,50L_50NL,1,p ɾ o d u s ˈi ɾ,660,660,100.0
50L_50NL_1_2,50L_50NL,1,p ɾ o d u s ˈi ɾ,480,660,72.73
50L_50NL_1_3,50L_50NL,1,p ɾ o d u s ˈi ɾ,463,660,70.15
50L_50NL_1_4,50L_50NL,1,p ɾ o d u s ˈi ɾ,660,660,100.0
50L_50NL_1_1,50L_50NL,1,t ɾ a ˈe ɾ,660,660,100.0
50L_50NL_1_2,50L_50NL,1,t ɾ a ˈe ɾ,314,660,47.58
50L_50NL_1_3,50L_50NL,1,t ɾ a ˈe ɾ,248,660,37.58
50L_50NL_1_4,50L_50NL,1,t ɾ a ˈe ɾ,660,660,100.0
50L_50NL_1_1,50L_50NL,1,ɾ e a p a ɾ e s ˈe ɾ,660,660,100.0
50L_50NL_1_2,50L_50NL,1,ɾ e a p a ɾ e s ˈe ɾ,523,660,79.24
50L_50NL_1_3,50L_50NL,1,ɾ e a p a ɾ e s ˈe ɾ,565,660,85.61
50L_50NL_1_4,50L_50NL,1,ɾ e a p a ɾ e s ˈe ɾ,660,660,100.0
50L_50NL_1_1,50L_50NL,1,ɾ e b e n ˈi ɾ,660,660,100.0
50L_50NL_1_2,50L_50NL,1,ɾ e b e n ˈi ɾ,324,660,49.09
50L_50NL_1_3,50L_50NL,1,ɾ e b e n ˈi ɾ,380,660,57.58
50L_50NL_1_4,50L_50NL,1,ɾ e b e n ˈi ɾ,660,660,100.0
50L_50NL_1_1,50L_50NL,1,ɾ e b l a n d e s ˈe ɾ,660,660,100.0
50L_50NL_1_2,50L_50NL,1,ɾ e b l a n d e s ˈe ɾ,104,660,15.76
50L_50NL_1_3,50L_50NL,1,ɾ e b l a n d e s ˈe ɾ,373,660,56.52
50L_50NL_1_4,50L_50NL,1,ɾ e b l a n d e s ˈe ɾ,660,660,100.0
50L_50NL_1_1,50L_50NL,1,ɾ e t o ɾ s ˈe ɾ,443,660,67.12
50L_50NL_1_2,50L_50NL,1,ɾ e t o ɾ s ˈe ɾ,240,660,36.36
50L_50NL_1_3,50L_50NL,1,ɾ e t o ɾ s ˈe ɾ,207,660,31.36
50L_50NL_1_4,50L_50NL,1,ɾ e t o ɾ s ˈe ɾ,659,660,99.85
50L_50NL_2_1,50L_50NL,2,a d u s ˈi ɾ,660,660,100.0
50L_50NL_2_2,50L_50NL,2,a d u s ˈi ɾ,453,660,68.64
50L_50NL_2_3,50L_50NL,2,a d u s ˈi ɾ,442,660,66.97
50L_50NL_2_4,50L_50NL,2,a d u s ˈi ɾ,657,660,99.55
50L_50NL_2_1,50L_50NL,2,a k a e s ˈe ɾ,659,660,99.85
50L_50NL_2_2,50L_50NL,2,a k a e s ˈe ɾ,259,660,39.24
50L_50NL_2_3,50L_50NL,2,a k a e s ˈe ɾ,319,660,48.33
50L_50NL_2_4,50L_50NL,2,a k a e s ˈe ɾ,105,660,15.91
50L_50NL_2_1,50L_50NL,2,a m a n e s ˈe ɾ,660,660,100.0
50L_50NL_2_2,50L_50NL,2,a m a n e s ˈe ɾ,306,660,46.36
50L_50NL_2_3,50L_50NL,2,a m a n e s ˈe ɾ,329,660,49.85
50L_50NL_2_4,50L_50NL,2,a m a n e s ˈe ɾ,660,660,100.0
50L_50NL_2_1,50L_50NL,2,a p a ɾ e s ˈe ɾ,660,660,100.0
50L_50NL_2_2,50L_50NL,2,a p a ɾ e s ˈe ɾ,591,660,89.55
50L_50NL_2_3,50L_50NL,2,a p a ɾ e s ˈe ɾ,597,660,90.45
50L_50NL_2_4,50L_50NL,2,a p a ɾ e s ˈe ɾ,660,660,100.0
50L_50NL_2_1,50L_50NL,2,a r e s ˈi ɾ,660,660,100.0
50L_50NL_2_2,50L_50NL,2,a r e s ˈi ɾ,516,660,78.18
50L_50NL_2_3,50L_50NL,2,a r e s ˈi ɾ,507,660,76.82
50L_50NL_2_4,50L_50NL,2,a r e s ˈi ɾ,660,660,100.0
50L_50NL_2_1,50L_50NL,2,d e d u s ˈi ɾ,657,660,99.55
50L_50NL_2_2,50L_50NL,2,d e d u s ˈi ɾ,540,660,81.82
50L_50NL_2_3,50L_50NL,2,d e d u s ˈi ɾ,510,660,77.27
50L_50NL_2_4,50L_50NL,2,d e d u s ˈi ɾ,660,660,100.0
50L_50NL_2_1,50L_50NL,2,d e s a s ˈe ɾ,220,220,100.0
50L_50NL_2_2,50L_50NL,2,d e s a s ˈe ɾ,185,220,84.09
50L_50NL_2_3,50L_50NL,2,d e s a s ˈe ɾ,171,220,77.73
50L_50NL_2_4,50L_50NL,2,d e s a s ˈe ɾ,220,220,100.0
50L_50NL_2_1,50L_50NL,2,d e s a s ˈi ɾ,257,440,58.41
50L_50NL_2_2,50L_50NL,2,d e s a s ˈi ɾ,53,440,12.05
50L_50NL_2_3,50L_50NL,2,d e s a s ˈi ɾ,131,440,29.77
50L_50NL_2_4,50L_50NL,2,d e s a s ˈi ɾ,440,440,100.0
50L_50NL_2_1,50L_50NL,2,d e s a ɡ ɾ a d e s ˈe ɾ,660,660,100.0
50L_50NL_2_2,50L_50NL,2,d e s a ɡ ɾ a d e s ˈe ɾ,354,660,53.64
50L_50NL_2_3,50L_50NL,2,d e s a ɡ ɾ a d e s ˈe ɾ,345,660,52.27
50L_50NL_2_4,50L_50NL,2,d e s a ɡ ɾ a d e s ˈe ɾ,660,660,100.0
50L_50NL_2_1,50L_50NL,2,d e s k o m p o n ˈe ɾ,660,660,100.0
50L_50NL_2_2,50L_50NL,2,d e s k o m p o n ˈe ɾ,196,660,29.7
50L_50NL_2_3,50L_50NL,2,d e s k o m p o n ˈe ɾ,191,660,28.94
50L_50NL_2_4,50L_50NL,2,d e s k o m p o n ˈe ɾ,660,660,100.0
50L_50NL_2_1,50L_50NL,2,e l i ç ˈi ɾ,550,660,83.33
50L_50NL_2_2,50L_50NL,2,e l i ç ˈi ɾ,386,660,58.48
50L_50NL_2_3,50L_50NL,2,e l i ç ˈi ɾ,386,660,58.48
50L_50NL_2_4,50L_50NL,2,e l i ç ˈi ɾ,660,660,100.0
50L_50NL_2_1,50L_50NL,2,e n b e x e s ˈe ɾ,660,660,100.0
50L_50NL_2_2,50L_50NL,2,e n b e x e s ˈe ɾ,437,660,66.21
50L_50NL_2_3,50L_50NL,2,e n b e x e s ˈe ɾ,592,660,89.7
50L_50NL_2_4,50L_50NL,2,e n b e x e s ˈe ɾ,660,660,100.0
50L_50NL_2_1,50L_50NL,2,e n k a ɾ e s ˈe ɾ,660,660,100.0
50L_50NL_2_2,50L_50NL,2,e n k a ɾ e s ˈe ɾ,608,660,92.12
50L_50NL_2_3,50L_50NL,2,e n k a ɾ e s ˈe ɾ,611,660,92.58
50L_50NL_2_4,50L_50NL,2,e n k a ɾ e s ˈe ɾ,660,660,100.0
50L_50NL_2_1,50L_50NL,2,e n m u d e s ˈe ɾ,660,660,100.0
50L_50NL_2_2,50L_50NL,2,e n m u d e s ˈe ɾ,498,660,75.45
50L_50NL_2_3,50L_50NL,2,e n m u d e s ˈe ɾ,550,660,83.33
50L_50NL_2_4,50L_50NL,2,e n m u d e s ˈe ɾ,660,660,100.0
50L_50NL_2_1,50L_50NL,2,e n o ɾ ɡ u ʃ e s ˈe ɾ,0,660,0.0
50L_50NL_2_2,50L_50NL,2,e n o ɾ ɡ u ʃ e s ˈe ɾ,158,660,23.94
50L_50NL_2_3,50L_50NL,2,e n o ɾ ɡ u ʃ e s ˈe ɾ,281,660,42.58
50L_50NL_2_4,50L_50NL,2,e n o ɾ ɡ u ʃ e s ˈe ɾ,532,660,80.61
50L_50NL_2_1,50L_50NL,2,e n s o m b ɾ e s ˈe ɾ,660,660,100.0
50L_50NL_2_2,50L_50NL,2,e n s o m b ɾ e s ˈe ɾ,531,660,80.45
50L_50NL_2_3,50L_50NL,2,e n s o m b ɾ e s ˈe ɾ,553,660,83.79
50L_50NL_2_4,50L_50NL,2,e n s o m b ɾ e s ˈe ɾ,660,660,100.0
50L_50NL_2_1,50L_50NL,2,f a ʃ e s ˈe ɾ,660,660,100.0
50L_50NL_2_2,50L_50NL,2,f a ʃ e s ˈe ɾ,582,660,88.18
50L_50NL_2_3,50L_50NL,2,f a ʃ e s ˈe ɾ,565,660,85.61
50L_50NL_2_4,50L_50NL,2,f a ʃ e s ˈe ɾ,660,660,100.0
50L_50NL_2_1,50L_50NL,2,f l o ɾ e s ˈe ɾ,660,660,100.0
50L_50NL_2_2,50L_50NL,2,f l o ɾ e s ˈe ɾ,605,660,91.67
50L_50NL_2_3,50L_50NL,2,f l o ɾ e s ˈe ɾ,608,660,92.12
50L_50NL_2_4,50L_50NL,2,f l o ɾ e s ˈe ɾ,660,660,100.0
50L_50NL_2_1,50L_50NL,2,i n t e ɾ p o n ˈe ɾ,660,660,100.0
50L_50NL_2_2,50L_50NL,2,i n t e ɾ p o n ˈe ɾ,489,660,74.09
50L_50NL_2_3,50L_50NL,2,i n t e ɾ p o n ˈe ɾ,494,660,74.85
50L_50NL_2_4,50L_50NL,2,i n t e ɾ p o n ˈe ɾ,660,660,100.0
50L_50NL_2_1,50L_50NL,2,k o m p u n ç ˈi ɾ,660,660,100.0
50L_50NL_2_2,50L_50NL,2,k o m p u n ç ˈi ɾ,385,660,58.33
50L_50NL_2_3,50L_50NL,2,k o m p u n ç ˈi ɾ,384,660,58.18
50L_50NL_2_4,50L_50NL,2,k o m p u n ç ˈi ɾ,660,660,100.0
50L_50NL_2_1,50L_50NL,2,k o n b e n s ˈe ɾ,237,660,35.91
50L_50NL_2_2,50L_50NL,2,k o n b e n s ˈe ɾ,180,660,27.27
50L_50NL_2_3,50L_50NL,2,k o n b e n s ˈe ɾ,282,660,42.73
50L_50NL_2_4,50L_50NL,2,k o n b e n s ˈe ɾ,140,660,21.21
50L_50NL_2_1,50L_50NL,2,k o n f l i ç ˈi ɾ,660,660,100.0
50L_50NL_2_2,50L_50NL,2,k o n f l i ç ˈi ɾ,387,660,58.64
50L_50NL_2_3,50L_50NL,2,k o n f l i ç ˈi ɾ,388,660,58.79
50L_50NL_2_4,50L_50NL,2,k o n f l i ç ˈi ɾ,660,660,100.0
50L_50NL_2_1,50L_50NL,2,k o p ɾ o d u s ˈi ɾ,660,660,100.0
50L_50NL_2_2,50L_50NL,2,k o p ɾ o d u s ˈi ɾ,584,660,88.48
50L_50NL_2_3,50L_50NL,2,k o p ɾ o d u s ˈi ɾ,498,660,75.45
50L_50NL_2_4,50L_50NL,2,k o p ɾ o d u s ˈi ɾ,660,660,100.0
50L_50NL_2_1,50L_50NL,2,l a n ɡ i d e s ˈe ɾ,660,660,100.0
50L_50NL_2_2,50L_50NL,2,l a n ɡ i d e s ˈe ɾ,171,660,25.91
50L_50NL_2_3,50L_50NL,2,l a n ɡ i d e s ˈe ɾ,130,660,19.7
50L_50NL_2_4,50L_50NL,2,l a n ɡ i d e s ˈe ɾ,28,660,4.24
50L_50NL_2_1,50L_50NL,2,m a l d e s ˈi ɾ,616,660,93.33
50L_50NL_2_2,50L_50NL,2,m a l d e s ˈi ɾ,195,660,29.55
50L_50NL_2_3,50L_50NL,2,m a l d e s ˈi ɾ,185,660,28.03
50L_50NL_2_4,50L_50NL,2,m a l d e s ˈi ɾ,652,660,98.79
50L_50NL_2_1,50L_50NL,2,m a n t e n ˈe ɾ,621,660,94.09
50L_50NL_2_2,50L_50NL,2,m a n t e n ˈe ɾ,345,660,52.27
50L_50NL_2_3,50L_50NL,2,m a n t e n ˈe ɾ,374,660,56.67
50L_50NL_2_4,50L_50NL,2,m a n t e n ˈe ɾ,660,660,100.0
50L_50NL_2_1,50L_50NL,2,m u l ç ˈe ɾ,660,660,100.0
50L_50NL_2_2,50L_50NL,2,m u l ç ˈe ɾ,388,660,58.79
50L_50NL_2_3,50L_50NL,2,m u l ç ˈe ɾ,386,660,58.48
50L_50NL_2_4,50L_50NL,2,m u l ç ˈe ɾ,660,660,100.0
50L_50NL_2_1,50L_50NL,2,o b s k u ɾ e s ˈe ɾ,656,660,99.39
50L_50NL_2_2,50L_50NL,2,o b s k u ɾ e s ˈe ɾ,595,660,90.15
50L_50NL_2_3,50L_50NL,2,o b s k u ɾ e s ˈe ɾ,588,660,89.09
50L_50NL_2_4,50L_50NL,2,o b s k u ɾ e s ˈe ɾ,660,660,100.0
50L_50NL_2_1,50L_50NL,2,p e ɾ m a n e s ˈe ɾ,650,660,98.48
50L_50NL_2_2,50L_50NL,2,p e ɾ m a n e s ˈe ɾ,332,660,50.3
50L_50NL_2_3,50L_50NL,2,p e ɾ m a n e s ˈe ɾ,428,660,64.85
50L_50NL_2_4,50L_50NL,2,p e ɾ m a n e s ˈe ɾ,660,660,100.0
50L_50NL_2_1,50L_50NL,2,s u b ʃ a s ˈe ɾ,523,660,79.24
50L_50NL_2_2,50L_50NL,2,s u b ʃ a s ˈe ɾ,113,660,17.12
50L_50NL_2_3,50L_50NL,2,s u b ʃ a s ˈe ɾ,138,660,20.91
50L_50NL_2_4,50L_50NL,2,s u b ʃ a s ˈe ɾ,252,660,38.18
50L_50NL_2_1,50L_50NL,2,ɡ w a ɾ e s ˈe ɾ,630,660,95.45
50L_50NL_2_2,50L_50NL,2,ɡ w a ɾ e s ˈe ɾ,465,660,70.45
50L_50NL_2_3,50L_50NL,2,ɡ w a ɾ e s ˈe ɾ,245,660,37.12
50L_50NL_2_4,50L_50NL,2,ɡ w a ɾ e s ˈe ɾ,558,660,84.55
50L_50NL_2_1,50L_50NL,2,ɾ e d e s ˈi ɾ,660,660,100.0
50L_50NL_2_2,50L_50NL,2,ɾ e d e s ˈi ɾ,292,660,44.24
50L_50NL_2_3,50L_50NL,2,ɾ e d e s ˈi ɾ,271,660,41.06
50L_50NL_2_4,50L_50NL,2,ɾ e d e s ˈi ɾ,652,660,98.79
50L_50NL_2_1,50L_50NL,2,ɾ e s t a b l e s ˈe ɾ,660,660,100.0
50L_50NL_2_2,50L_50NL,2,ɾ e s t a b l e s ˈe ɾ,570,660,86.36
50L_50NL_2_3,50L_50NL,2,ɾ e s t a b l e s ˈe ɾ,589,660,89.24
50L_50NL_2_4,50L_50NL,2,ɾ e s t a b l e s ˈe ɾ,660,660,100.0
50L_50NL_2_1,50L_50NL,2,ɾ o b u s t e s ˈe ɾ,660,660,100.0
50L_50NL_2_2,50L_50NL,2,ɾ o b u s t e s ˈe ɾ,572,660,86.67
50L_50NL_2_3,50L_50NL,2,ɾ o b u s t e s ˈe ɾ,550,660,83.33
50L_50NL_2_4,50L_50NL,2,ɾ o b u s t e s ˈe ɾ,660,660,100.0
50L_50NL_3_1,50L_50NL,3,a m a n e s ˈe ɾ,660,660,100.0
50L_50NL_3_2,50L_50NL,3,a m a n e s ˈe ɾ,659,660,99.85
50L_50NL_3_3,50L_50NL,3,a m a n e s ˈe ɾ,515,660,78.03
50L_50NL_3_4,50L_50NL,3,a m a n e s ˈe ɾ,660,660,100.0
50L_50NL_3_1,50L_50NL,3,a t ɾ a ˈe ɾ,656,660,99.39
50L_50NL_3_2,50L_50NL,3,a t ɾ a ˈe ɾ,636,660,96.36
50L_50NL_3_3,50L_50NL,3,a t ɾ a ˈe ɾ,315,660,47.73
50L_50NL_3_4,50L_50NL,3,a t ɾ a ˈe ɾ,660,660,100.0
50L_50NL_3_1,50L_50NL,3,d e s a s ˈe ɾ,371,660,56.21
50L_50NL_3_2,50L_50NL,3,d e s a s ˈe ɾ,227,660,34.39
50L_50NL_3_3,50L_50NL,3,d e s a s ˈe ɾ,305,660,46.21
50L_50NL_3_4,50L_50NL,3,d e s a s ˈe ɾ,170,660,25.76
50L_50NL_3_1,50L_50NL,3,d e s p a ɾ e s ˈe ɾ,660,660,100.0
50L_50NL_3_2,50L_50NL,3,d e s p a ɾ e s ˈe ɾ,660,660,100.0
50L_50NL_3_3,50L_50NL,3,d e s p a ɾ e s ˈe ɾ,559,660,84.7
50L_50NL_3_4,50L_50NL,3,d e s p a ɾ e s ˈe ɾ,660,660,100.0
50L_50NL_3_1,50L_50NL,3,d e t ɾ a ˈe ɾ,660,660,100.0
50L_50NL_3_2,50L_50NL,3,d e t ɾ a ˈe ɾ,652,660,98.79
50L_50NL_3_3,50L_50NL,3,d e t ɾ a ˈe ɾ,340,660,51.52
50L_50NL_3_4,50L_50NL,3,d e t ɾ a ˈe ɾ,660,660,100.0
50L_50NL_3_1,50L_50NL,3,e k i b a l ˈe ɾ,437,660,66.21
50L_50NL_3_2,50L_50NL,3,e k i b a l ˈe ɾ,567,660,85.91
50L_50NL_3_3,50L_50NL,3,e k i b a l ˈe ɾ,350,660,53.03
50L_50NL_3_4,50L_50NL,3,e k i b a l ˈe ɾ,495,660,75.0
50L_50NL_3_1,50L_50NL,3,e k s t ɾ a ˈe ɾ,659,660,99.85
50L_50NL_3_2,50L_50NL,3,e k s t ɾ a ˈe ɾ,606,660,91.82
50L_50NL_3_3,50L_50NL,3,e k s t ɾ a ˈe ɾ,350,660,53.03
50L_50NL_3_4,50L_50NL,3,e k s t ɾ a ˈe ɾ,660,660,100.0
50L_50NL_3_1,50L_50NL,3,e n b i l e s ˈe ɾ,660,660,100.0
50L_50NL_3_2,50L_50NL,3,e n b i l e s ˈe ɾ,660,660,100.0
50L_50NL_3_3,50L_50NL,3,e n b i l e s ˈe ɾ,566,660,85.76
50L_50NL_3_4,50L_50NL,3,e n b i l e s ˈe ɾ,660,660,100.0
50L_50NL_3_1,50L_50NL,3,e n f l a k e s ˈe ɾ,660,660,100.0
50L_50NL_3_2,50L_50NL,3,e n f l a k e s ˈe ɾ,659,660,99.85
50L_50NL_3_3,50L_50NL,3,e n f l a k e s ˈe ɾ,578,660,87.58
50L_50NL_3_4,50L_50NL,3,e n f l a k e s ˈe ɾ,660,660,100.0
50L_50NL_3_1,50L_50NL,3,e n s o m b ɾ e s ˈe ɾ,658,660,99.7
50L_50NL_3_2,50L_50NL,3,e n s o m b ɾ e s ˈe ɾ,658,660,99.7
50L_50NL_3_3,50L_50NL,3,e n s o m b ɾ e s ˈe ɾ,510,660,77.27
50L_50NL_3_4,50L_50NL,3,e n s o m b ɾ e s ˈe ɾ,660,660,100.0
50L_50NL_3_1,50L_50NL,3,e n t e ɾ n e s ˈe ɾ,660,660,100.0
50L_50NL_3_2,50L_50NL,3,e n t e ɾ n e s ˈe ɾ,660,660,100.0
50L_50NL_3_3,50L_50NL,3,e n t e ɾ n e s ˈe ɾ,500,660,75.76
50L_50NL_3_4,50L_50NL,3,e n t e ɾ n e s ˈe ɾ,660,660,100.0
50L_50NL_3_1,50L_50NL,3,e s k a ɾ n e s ˈe ɾ,660,660,100.0
50L_50NL_3_2,50L_50NL,3,e s k a ɾ n e s ˈe ɾ,660,660,100.0
50L_50NL_3_3,50L_50NL,3,e s k a ɾ n e s ˈe ɾ,583,660,88.33
50L_50NL_3_4,50L_50NL,3,e s k a ɾ n e s ˈe ɾ,660,660,100.0
50L_50NL_3_1,50L_50NL,3,e s p a ɾ s ˈi ɾ,642,660,97.27
50L_50NL_3_2,50L_50NL,3,e s p a ɾ s ˈi ɾ,543,660,82.27
50L_50NL_3_3,50L_50NL,3,e s p a ɾ s ˈi ɾ,595,660,90.15
50L_50NL_3_4,50L_50NL,3,e s p a ɾ s ˈi ɾ,660,660,100.0
50L_50NL_3_1,50L_50NL,3,e x e ɾ s ˈe ɾ,484,660,73.33
50L_50NL_3_2,50L_50NL,3,e x e ɾ s ˈe ɾ,436,660,66.06
50L_50NL_3_3,50L_50NL,3,e x e ɾ s ˈe ɾ,168,660,25.45
50L_50NL_3_4,50L_50NL,3,e x e ɾ s ˈe ɾ,432,660,65.45
50L_50NL_3_1,50L_50NL,3,f a b o ɾ e s ˈe ɾ,660,660,100.0
50L_50NL_3_2,50L_50NL,3,f a b o ɾ e s ˈe ɾ,657,660,99.55
50L_50NL_3_3,50L_50NL,3,f a b o ɾ e s ˈe ɾ,575,660,87.12
50L_50NL_3_4,50L_50NL,3,f a b o ɾ e s ˈe ɾ,660,660,100.0
50L_50NL_3_1,50L_50NL,3,f e n e s ˈe ɾ,660,660,100.0
50L_50NL_3_2,50L_50NL,3,f e n e s ˈe ɾ,660,660,100.0
50L_50NL_3_3,50L_50NL,3,f e n e s ˈe ɾ,488,660,73.94
50L_50NL_3_4,50L_50NL,3,f e n e s ˈe ɾ,660,660,100.0
50L_50NL_3_1,50L_50NL,3,f u n ç ˈi ɾ,660,660,100.0
50L_50NL_3_2,50L_50NL,3,f u n ç ˈi ɾ,657,660,99.55
50L_50NL_3_3,50L_50NL,3,f u n ç ˈi ɾ,392,660,59.39
50L_50NL_3_4,50L_50NL,3,f u n ç ˈi ɾ,660,660,100.0
50L_50NL_3_1,50L_50NL,3,f ɾ a n ç ˈi ɾ,660,660,100.0
50L_50NL_3_2,50L_50NL,3,f ɾ a n ç ˈi ɾ,515,660,78.03
50L_50NL_3_3,50L_50NL,3,f ɾ a n ç ˈi ɾ,367,660,55.61
50L_50NL_3_4,50L_50NL,3,f ɾ a n ç ˈi ɾ,660,660,100.0
50L_50NL_3_1,50L_50NL,3,k a ɾ e s ˈe ɾ,660,660,100.0
50L_50NL_3_2,50L_50NL,3,k a ɾ e s ˈe ɾ,660,660,100.0
50L_50NL_3_3,50L_50NL,3,k a ɾ e s ˈe ɾ,463,660,70.15
50L_50NL_3_4,50L_50NL,3,k a ɾ e s ˈe ɾ,660,660,100.0
50L_50NL_3_1,50L_50NL,3,k o d i ɾ i ç ˈi ɾ,660,660,100.0
50L_50NL_3_2,50L_50NL,3,k o d i ɾ i ç ˈi ɾ,311,660,47.12
50L_50NL_3_3,50L_50NL,3,k o d i ɾ i ç ˈi ɾ,381,660,57.73
50L_50NL_3_4,50L_50NL,3,k o d i ɾ i ç ˈi ɾ,660,660,100.0
50L_50NL_3_1,50L_50NL,3,k o l e ç ˈi ɾ,380,660,57.58
50L_50NL_3_2,50L_50NL,3,k o l e ç ˈi ɾ,658,660,99.7
50L_50NL_3_3,50L_50NL,3,k o l e ç ˈi ɾ,364,660,55.15
50L_50NL_3_4,50L_50NL,3,k o l e ç ˈi ɾ,660,660,100.0
50L_50NL_3_1,50L_50NL,3,k o n d e s ˈi ɾ,117,660,17.73
50L_50NL_3_2,50L_50NL,3,k o n d e s ˈi ɾ,658,660,99.7
50L_50NL_3_3,50L_50NL,3,k o n d e s ˈi ɾ,318,660,48.18
50L_50NL_3_4,50L_50NL,3,k o n d e s ˈi ɾ,660,660,100.0
50L_50NL_3_1,50L_50NL,3,k o n t ɾ a a s ˈe ɾ,74,660,11.21
50L_50NL_3_2,50L_50NL,3,k o n t ɾ a a s ˈe ɾ,0,660,0.0
50L_50NL_3_3,50L_50NL,3,k o n t ɾ a a s ˈe ɾ,0,660,0.0
50L_50NL_3_4,50L_50NL,3,k o n t ɾ a a s ˈe ɾ,0,660,0.0
50L_50NL_3_1,50L_50NL,3,o b t e n ˈe ɾ,589,660,89.24
50L_50NL_3_2,50L_50NL,3,o b t e n ˈe ɾ,553,660,83.79
50L_50NL_3_3,50L_50NL,3,o b t e n ˈe ɾ,363,660,55.0
50L_50NL_3_4,50L_50NL,3,o b t e n ˈe ɾ,505,660,76.52
50L_50NL_3_1,50L_50NL,3,p a d e s ˈe ɾ,660,660,100.0
50L_50NL_3_2,50L_50NL,3,p a d e s ˈe ɾ,660,660,100.0
50L_50NL_3_3,50L_50NL,3,p a d e s ˈe ɾ,459,660,69.55
50L_50NL_3_4,50L_50NL,3,p a d e s ˈe ɾ,660,660,100.0
50L_50NL_3_1,50L_50NL,3,p e ɾ m a n e s ˈe ɾ,660,660,100.0
50L_50NL_3_2,50L_50NL,3,p e ɾ m a n e s ˈe ɾ,659,660,99.85
50L_50NL_3_3,50L_50NL,3,p e ɾ m a n e s ˈe ɾ,66,660,10.0
50L_50NL_3_4,50L_50NL,3,p e ɾ m a n e s ˈe ɾ,660,660,100.0
50L_50NL_3_1,50L_50NL,3,p ɾ e s u p o n ˈe ɾ,660,660,100.0
50L_50NL_3_2,50L_50NL,3,p ɾ e s u p o n ˈe ɾ,659,660,99.85
50L_50NL_3_3,50L_50NL,3,p ɾ e s u p o n ˈe ɾ,517,660,78.33
50L_50NL_3_4,50L_50NL,3,p ɾ e s u p o n ˈe ɾ,660,660,100.0
50L_50NL_3_1,50L_50NL,3,s u ɾ s ˈi ɾ,499,660,75.61
50L_50NL_3_2,50L_50NL,3,s u ɾ s ˈi ɾ,637,660,96.52
50L_50NL_3_3,50L_50NL,3,s u ɾ s ˈi ɾ,471,660,71.36
50L_50NL_3_4,50L_50NL,3,s u ɾ s ˈi ɾ,647,660,98.03
50L_50NL_3_1,50L_50NL,3,u n s ˈi ɾ,437,660,66.21
50L_50NL_3_2,50L_50NL,3,u n s ˈi ɾ,579,660,87.73
50L_50NL_3_3,50L_50NL,3,u n s ˈi ɾ,568,660,86.06
50L_50NL_3_4,50L_50NL,3,u n s ˈi ɾ,492,660,74.55
50L_50NL_3_1,50L_50NL,3,ɾ e d e s ˈi ɾ,153,660,23.18
50L_50NL_3_2,50L_50NL,3,ɾ e d e s ˈi ɾ,660,660,100.0
50L_50NL_3_3,50L_50NL,3,ɾ e d e s ˈi ɾ,303,660,45.91
50L_50NL_3_4,50L_50NL,3,ɾ e d e s ˈi ɾ,660,660,100.0
50L_50NL_3_1,50L_50NL,3,ɾ e k o n d u s ˈi ɾ,660,660,100.0
50L_50NL_3_2,50L_50NL,3,ɾ e k o n d u s ˈi ɾ,658,660,99.7
50L_50NL_3_3,50L_50NL,3,ɾ e k o n d u s ˈi ɾ,509,660,77.12
50L_50NL_3_4,50L_50NL,3,ɾ e k o n d u s ˈi ɾ,660,660,100.0
50L_50NL_3_1,50L_50NL,3,ɾ e l u s ˈi ɾ,660,660,100.0
50L_50NL_3_2,50L_50NL,3,ɾ e l u s ˈi ɾ,656,660,99.39
50L_50NL_3_3,50L_50NL,3,ɾ e l u s ˈi ɾ,387,660,58.64
50L_50NL_3_4,50L_50NL,3,ɾ e l u s ˈi ɾ,563,660,85.3
50L_50NL_3_1,50L_50NL,3,ɾ e s u ɾ ç ˈi ɾ,660,660,100.0
50L_50NL_3_2,50L_50NL,3,ɾ e s u ɾ ç ˈi ɾ,657,660,99.55
50L_50NL_3_3,50L_50NL,3,ɾ e s u ɾ ç ˈi ɾ,360,660,54.55
50L_50NL_3_4,50L_50NL,3,ɾ e s u ɾ ç ˈi ɾ,660,660,100.0
90L_10NL_1_1,90L_10NL,1,a b s t ɾ a ˈe ɾ,660,660,100.0
90L_10NL_1_2,90L_10NL,1,a b s t ɾ a ˈe ɾ,629,660,95.3
90L_10NL_1_3,90L_10NL,1,a b s t ɾ a ˈe ɾ,660,660,100.0
90L_10NL_1_4,90L_10NL,1,a b s t ɾ a ˈe ɾ,660,660,100.0
90L_10NL_1_1,90L_10NL,1,a d o l e s ˈe ɾ,660,660,100.0
90L_10NL_1_2,90L_10NL,1,a d o l e s ˈe ɾ,660,660,100.0
90L_10NL_1_3,90L_10NL,1,a d o l e s ˈe ɾ,660,660,100.0
90L_10NL_1_4,90L_10NL,1,a d o l e s ˈe ɾ,660,660,100.0
90L_10NL_1_1,90L_10NL,1,a k o n t e s ˈe ɾ,660,660,100.0
90L_10NL_1_2,90L_10NL,1,a k o n t e s ˈe ɾ,642,660,97.27
90L_10NL_1_3,90L_10NL,1,a k o n t e s ˈe ɾ,660,660,100.0
90L_10NL_1_4,90L_10NL,1,a k o n t e s ˈe ɾ,660,660,100.0
90L_10NL_1_1,90L_10NL,1,d e d u s ˈi ɾ,660,660,100.0
90L_10NL_1_2,90L_10NL,1,d e d u s ˈi ɾ,660,660,100.0
90L_10NL_1_3,90L_10NL,1,d e d u s ˈi ɾ,660,660,100.0
90L_10NL_1_4,90L_10NL,1,d e d u s ˈi ɾ,660,660,100.0
90L_10NL_1_1,90L_10NL,1,d e s b a n e s ˈe ɾ,660,660,100.0
90L_10NL_1_2,90L_10NL,1,d e s b a n e s ˈe ɾ,646,660,97.88
90L_10NL_1_3,90L_10NL,1,d e s b a n e s ˈe ɾ,660,660,100.0
90L_10NL_1_4,90L_10NL,1,d e s b a n e s ˈe ɾ,660,660,100.0
90L_10NL_1_1,90L_10NL,1,d e s o b e d e s ˈe ɾ,660,660,100.0
90L_10NL_1_2,90L_10NL,1,d e s o b e d e s ˈe ɾ,489,660,74.09
90L_10NL_1_3,90L_10NL,1,d e s o b e d e s ˈe ɾ,660,660,100.0
90L_10NL_1_4,90L_10NL,1,d e s o b e d e s ˈe ɾ,568,660,86.06
90L_10NL_1_1,90L_10NL,1,d e s p a ɾ e s ˈe ɾ,660,660,100.0
90L_10NL_1_2,90L_10NL,1,d e s p a ɾ e s ˈe ɾ,658,660,99.7
90L_10NL_1_3,90L_10NL,1,d e s p a ɾ e s ˈe ɾ,660,660,100.0
90L_10NL_1_4,90L_10NL,1,d e s p a ɾ e s ˈe ɾ,660,660,100.0
90L_10NL_1_1,90L_10NL,1,d e s t o ɾ s ˈe ɾ,628,660,95.15
90L_10NL_1_2,90L_10NL,1,d e s t o ɾ s ˈe ɾ,618,660,93.64
90L_10NL_1_3,90L_10NL,1,d e s t o ɾ s ˈe ɾ,647,660,98.03
90L_10NL_1_4,90L_10NL,1,d e s t o ɾ s ˈe ɾ,633,660,95.91
90L_10NL_1_1,90L_10NL,1,d e t ɾ a ˈe ɾ,660,660,100.0
90L_10NL_1_2,90L_10NL,1,d e t ɾ a ˈe ɾ,657,660,99.55
90L_10NL_1_3,90L_10NL,1,d e t ɾ a ˈe ɾ,660,660,100.0
90L_10NL_1_4,90L_10NL,1,d e t ɾ a ˈe ɾ,660,660,100.0
90L_10NL_1_1,90L_10NL,1,d i b e ɾ ç ˈi ɾ,660,660,100.0
90L_10NL_1_2,90L_10NL,1,d i b e ɾ ç ˈi ɾ,660,660,100.0
90L_10NL_1_3,90L_10NL,1,d i b e ɾ ç ˈi ɾ,660,660,100.0
90L_10NL_1_4,90L_10NL,1,d i b e ɾ ç ˈi ɾ,652,660,98.79
90L_10NL_1_1,90L_10NL,1,e m u l ç ˈe ɾ,660,660,100.0
90L_10NL_1_2,90L_10NL,1,e m u l ç ˈe ɾ,660,660,100.0
90L_10NL_1_3,90L_10NL,1,e m u l ç ˈe ɾ,660,660,100.0
90L_10NL_1_4,90L_10NL,1,e m u l ç ˈe ɾ,660,660,100.0
90L_10NL_1_1,90L_10NL,1,e n a ɾ d e s ˈe ɾ,660,660,100.0
90L_10NL_1_2,90L_10NL,1,e n a ɾ d e s ˈe ɾ,660,660,100.0
90L_10NL_1_3,90L_10NL,1,e n a ɾ d e s ˈe ɾ,660,660,100.0
90L_10NL_1_4,90L_10NL,1,e n a ɾ d e s ˈe ɾ,660,660,100.0
90L_10NL_1_1,90L_10NL,1,e n f e b ɾ e s ˈe ɾ,660,660,100.0
90L_10NL_1_2,90L_10NL,1,e n f e b ɾ e s ˈe ɾ,660,660,100.0
90L_10NL_1_3,90L_10NL,1,e n f e b ɾ e s ˈe ɾ,660,660,100.0
90L_10NL_1_4,90L_10NL,1,e n f e b ɾ e s ˈe ɾ,660,660,100.0
90L_10NL_1_1,90L_10NL,1,e n k a ʃ e s ˈe ɾ,660,660,100.0
90L_10NL_1_2,90L_10NL,1,e n k a ʃ e s ˈe ɾ,659,660,99.85
90L_10NL_1_3,90L_10NL,1,e n k a ʃ e s ˈe ɾ,660,660,100.0
90L_10NL_1_4,90L_10NL,1,e n k a ʃ e s ˈe ɾ,660,660,100.0
90L_10NL_1_1,90L_10NL,1,e n k o ç ˈe ɾ,660,660,100.0
90L_10NL_1_2,90L_10NL,1,e n k o ç ˈe ɾ,660,660,100.0
90L_10NL_1_3,90L_10NL,1,e n k o ç ˈe ɾ,649,660,98.33
90L_10NL_1_4,90L_10NL,1,e n k o ç ˈe ɾ,660,660,100.0
90L_10NL_1_1,90L_10NL,1,e n n o b l e s ˈe ɾ,0,660,0.0
90L_10NL_1_2,90L_10NL,1,e n n o b l e s ˈe ɾ,523,660,79.24
90L_10NL_1_3,90L_10NL,1,e n n o b l e s ˈe ɾ,660,660,100.0
90L_10NL_1_4,90L_10NL,1,e n n o b l e s ˈe ɾ,243,660,36.82
90L_10NL_1_1,90L_10NL,1,e n s e ɡ e s ˈe ɾ,660,660,100.0
90L_10NL_1_2,90L_10NL,1,e n s e ɡ e s ˈe ɾ,622,660,94.24
90L_10NL_1_3,90L_10NL,1,e n s e ɡ e s ˈe ɾ,582,660,88.18
90L_10NL_1_4,90L_10NL,1,e n s e ɡ e s ˈe ɾ,660,660,100.0
90L_10NL_1_1,90L_10NL,1,e n s o m b ɾ e s ˈe ɾ,660,660,100.0
90L_10NL_1_2,90L_10NL,1,e n s o m b ɾ e s ˈe ɾ,660,660,100.0
90L_10NL_1_3,90L_10NL,1,e n s o m b ɾ e s ˈe ɾ,660,660,100.0
90L_10NL_1_4,90L_10NL,1,e n s o m b ɾ e s ˈe ɾ,660,660,100.0
90L_10NL_1_1,90L_10NL,1,e n t e ɾ n e s ˈe ɾ,660,660,100.0
90L_10NL_1_2,90L_10NL,1,e n t e ɾ n e s ˈe ɾ,660,660,100.0
90L_10NL_1_3,90L_10NL,1,e n t e ɾ n e s ˈe ɾ,660,660,100.0
90L_10NL_1_4,90L_10NL,1,e n t e ɾ n e s ˈe ɾ,660,660,100.0
90L_10NL_1_1,90L_10NL,1,e n ɡ ɾ a n d e s ˈe ɾ,660,660,100.0
90L_10NL_1_2,90L_10NL,1,e n ɡ ɾ a n d e s ˈe ɾ,660,660,100.0
90L_10NL_1_3,90L_10NL,1,e n ɡ ɾ a n d e s ˈe ɾ,660,660,100.0
90L_10NL_1_4,90L_10NL,1,e n ɡ ɾ a n d e s ˈe ɾ,660,660,100.0
90L_10NL_1_1,90L_10NL,1,e s k l a ɾ e s ˈe ɾ,660,660,100.0
90L_10NL_1_2,90L_10NL,1,e s k l a ɾ e s ˈe ɾ,640,660,96.97
90L_10NL_1_3,90L_10NL,1,e s k l a ɾ e s ˈe ɾ,660,660,100.0
90L_10NL_1_4,90L_10NL,1,e s k l a ɾ e s ˈe ɾ,660,660,100.0
90L_10NL_1_1,90L_10NL,1,e x e ɾ s ˈe ɾ,660,660,100.0
90L_10NL_1_2,90L_10NL,1,e x e ɾ s ˈe ɾ,516,660,78.18
90L_10NL_1_3,90L_10NL,1,e x e ɾ s ˈe ɾ,660,660,100.0
90L_10NL_1_4,90L_10NL,1,e x e ɾ s ˈe ɾ,615,660,93.18
90L_10NL_1_1,90L_10NL,1,f l o ɾ e s ˈe ɾ,655,660,99.24
90L_10NL_1_2,90L_10NL,1,f l o ɾ e s ˈe ɾ,251,660,38.03
90L_10NL_1_3,90L_10NL,1,f l o ɾ e s ˈe ɾ,660,660,100.0
90L_10NL_1_4,90L_10NL,1,f l o ɾ e s ˈe ɾ,657,660,99.55
90L_10NL_1_1,90L_10NL,1,f o ɾ t a l e s ˈe ɾ,660,660,100.0
90L_10NL_1_2,90L_10NL,1,f o ɾ t a l e s ˈe ɾ,660,660,100.0
90L_10NL_1_3,90L_10NL,1,f o ɾ t a l e s ˈe ɾ,660,660,100.0
90L_10NL_1_4,90L_10NL,1,f o ɾ t a l e s ˈe ɾ,660,660,100.0
90L_10NL_1_1,90L_10NL,1,i n b e n ˈi ɾ,660,660,100.0
90L_10NL_1_2,90L_10NL,1,i n b e n ˈi ɾ,659,660,99.85
90L_10NL_1_3,90L_10NL,1,i n b e n ˈi ɾ,660,660,100.0
90L_10NL_1_4,90L_10NL,1,i n b e n ˈi ɾ,660,660,100.0
90L_10NL_1_1,90L_10NL,1,i n d i s p o n ˈe ɾ,660,660,100.0
90L_10NL_1_2,90L_10NL,1,i n d i s p o n ˈe ɾ,660,660,100.0
90L_10NL_1_3,90L_10NL,1,i n d i s p o n ˈe ɾ,660,660,100.0
90L_10NL_1_4,90L_10NL,1,i n d i s p o n ˈe ɾ,660,660,100.0
90L_10NL_1_1,90L_10NL,1,i n t e l i ç ˈi ɾ,660,660,100.0
90L_10NL_1_2,90L_10NL,1,i n t e l i ç ˈi ɾ,660,660,100.0
90L_10NL_1_3,90L_10NL,1,i n t e l i ç ˈi ɾ,550,660,83.33
90L_10NL_1_4,90L_10NL,1,i n t e l i ç ˈi ɾ,553,660,83.79
90L_10NL_1_1,90L_10NL,1,k a ɾ e s ˈe ɾ,660,660,100.0
90L_10NL_1_2,90L_10NL,1,k a ɾ e s ˈe ɾ,660,660,100.0
90L_10NL_1_3,90L_10NL,1,k a ɾ e s ˈe ɾ,660,660,100.0
90L_10NL_1_4,90L_10NL,1,k a ɾ e s ˈe ɾ,660,660,100.0
90L_10NL_1_1,90L_10NL,1,k o d i ɾ i ç ˈi ɾ,660,660,100.0
90L_10NL_1_2,90L_10NL,1,k o d i ɾ i ç ˈi ɾ,660,660,100.0
90L_10NL_1_3,90L_10NL,1,k o d i ɾ i ç ˈi ɾ,660,660,100.0
90L_10NL_1_4,90L_10NL,1,k o d i ɾ i ç ˈi ɾ,660,660,100.0
90L_10NL_1_1,90L_10NL,1,k o m p u n ç ˈi ɾ,660,660,100.0
90L_10NL_1_2,90L_10NL,1,k o m p u n ç ˈi ɾ,660,660,100.0
90L_10NL_1_3,90L_10NL,1,k o m p u n ç ˈi ɾ,660,660,100.0
90L_10NL_1_4,90L_10NL,1,k o m p u n ç ˈi ɾ,660,660,100.0
90L_10NL_1_1,90L_10NL,1,k o n b e ɾ ç ˈe ɾ,55,55,100.0
90L_10NL_1_2,90L_10NL,1,k o n b e ɾ ç ˈe ɾ,55,55,100.0
90L_10NL_1_3,90L_10NL,1,k o n b e ɾ ç ˈe ɾ,55,55,100.0
90L_10NL_1_4,90L_10NL,1,k o n b e ɾ ç ˈe ɾ,55,55,100.0
90L_10NL_1_1,90L_10NL,1,k o n b e ɾ ç ˈi ɾ,605,605,100.0
90L_10NL_1_2,90L_10NL,1,k o n b e ɾ ç ˈi ɾ,605,605,100.0
90L_10NL_1_3,90L_10NL,1,k o n b e ɾ ç ˈi ɾ,605,605,100.0
90L_10NL_1_4,90L_10NL,1,k o n b e ɾ ç ˈi ɾ,601,605,99.34
90L_10NL_1_1,90L_10NL,1,k o n d u s ˈi ɾ,660,660,100.0
90L_10NL_1_2,90L_10NL,1,k o n d u s ˈi ɾ,660,660,100.0
90L_10NL_1_3,90L_10NL,1,k o n d u s ˈi ɾ,660,660,100.0
90L_10NL_1_4,90L_10NL,1,k o n d u s ˈi ɾ,660,660,100.0
90L_10NL_1_1,90L_10NL,1,k o n t ɾ a a s ˈe ɾ,0,660,0.0
90L_10NL_1_2,90L_10NL,1,k o n t ɾ a a s ˈe ɾ,0,660,0.0
90L_10NL_1_3,90L_10NL,1,k o n t ɾ a a s ˈe ɾ,0,660,0.0
90L_10NL_1_4,90L_10NL,1,k o n t ɾ a a s ˈe ɾ,0,660,0.0
90L_10NL_1_1,90L_10NL,1,k o n t ɾ a ˈe ɾ,656,660,99.39
90L_10NL_1_2,90L_10NL,1,k o n t ɾ a ˈe ɾ,660,660,100.0
90L_10NL_1_3,90L_10NL,1,k o n t ɾ a ˈe ɾ,660,660,100.0
90L_10NL_1_4,90L_10NL,1,k o n t ɾ a ˈe ɾ,660,660,100.0
90L_10NL_1_1,90L_10NL,1,k o p ɾ o d u s ˈi ɾ,660,660,100.0
90L_10NL_1_2,90L_10NL,1,k o p ɾ o d u s ˈi ɾ,660,660,100.0
90L_10NL_1_3,90L_10NL,1,k o p ɾ o d u s ˈi ɾ,660,660,100.0
90L_10NL_1_4,90L_10NL,1,k o p ɾ o d u s ˈi ɾ,660,660,100.0
90L_10NL_1_1,90L_10NL,1,n a s ˈe ɾ,660,660,100.0
90L_10NL_1_2,90L_10NL,1,n a s ˈe ɾ,486,660,73.64
90L_10NL_1_3,90L_10NL,1,n a s ˈe ɾ,660,660,100.0
90L_10NL_1_4,90L_10NL,1,n a s ˈe ɾ,631,660,95.61
90L_10NL_1_1,90L_10NL,1,o p o n ˈe ɾ,660,660,100.0
90L_10NL_1_2,90L_10NL,1,o p o n ˈe ɾ,660,660,100.0
90L_10NL_1_3,90L_10NL,1,o p o n ˈe ɾ,660,660,100.0
90L_10NL_1_4,90L_10NL,1,o p o n ˈe ɾ,660,660,100.0
90L_10NL_1_1,90L_10NL,1,o s k u ɾ e s ˈe ɾ,660,660,100.0
90L_10NL_1_2,90L_10NL,1,o s k u ɾ e s ˈe ɾ,660,660,100.0
90L_10NL_1_3,90L_10NL,1,o s k u ɾ e s ˈe ɾ,660,660,100.0
90L_10NL_1_4,90L_10NL,1,o s k u ɾ e s ˈe ɾ,660,660,100.0
90L_10NL_1_1,90L_10NL,1,p a l i d e s ˈe ɾ,660,660,100.0
90L_10NL_1_2,90L_10NL,1,p a l i d e s ˈe ɾ,660,660,100.0
90L_10NL_1_3,90L_10NL,1,p a l i d e s ˈe ɾ,660,660,100.0
90L_10NL_1_4,90L_10NL,1,p a l i d e s ˈe ɾ,660,660,100.0
90L_10NL_1_1,90L_10NL,1,p ɾ e e s t a b l e s ˈe ɾ,0,660,0.0
90L_10NL_1_2,90L_10NL,1,p ɾ e e s t a b l e s ˈe ɾ,0,660,0.0
90L_10NL_1_3,90L_10NL,1,p ɾ e e s t a b l e s ˈe ɾ,0,660,0.0
90L_10NL_1_4,90L_10NL,1,p ɾ e e s t a b l e s ˈe ɾ,282,660,42.73
90L_10NL_1_1,90L_10NL,1,s i ɾ k u n b e n ˈi ɾ,660,660,100.0
90L_10NL_1_2,90L_10NL,1,s i ɾ k u n b e n ˈi ɾ,655,660,99.24
90L_10NL_1_3,90L_10NL,1,s i ɾ k u n b e n ˈi ɾ,660,660,100.0
90L_10NL_1_4,90L_10NL,1,s i ɾ k u n b e n ˈi ɾ,660,660,100.0
90L_10NL_1_1,90L_10NL,1,s o b ɾ e k o ç ˈe ɾ,654,660,99.09
90L_10NL_1_2,90L_10NL,1,s o b ɾ e k o ç ˈe ɾ,577,660,87.42
90L_10NL_1_3,90L_10NL,1,s o b ɾ e k o ç ˈe ɾ,658,660,99.7
90L_10NL_1_4,90L_10NL,1,s o b ɾ e k o ç ˈe ɾ,660,660,100.0
90L_10NL_1_1,90L_10NL,1,s u b s t ɾ a ˈe ɾ,620,660,93.94
90L_10NL_1_2,90L_10NL,1,s u b s t ɾ a ˈe ɾ,598,660,90.61
90L_10NL_1_3,90L_10NL,1,s u b s t ɾ a ˈe ɾ,660,660,100.0
90L_10NL_1_4,90L_10NL,1,s u b s t ɾ a ˈe ɾ,656,660,99.39
90L_10NL_1_1,90L_10NL,1,s u p o n ˈe ɾ,660,660,100.0
90L_10NL_1_2,90L_10NL,1,s u p o n ˈe ɾ,660,660,100.0
90L_10NL_1_3,90L_10NL,1,s u p o n ˈe ɾ,660,660,100.0
90L_10NL_1_4,90L_10NL,1,s u p o n ˈe ɾ,660,660,100.0
90L_10NL_1_1,90L_10NL,1,t ɾ a n s i ç ˈi ɾ,27,660,4.09
90L_10NL_1_2,90L_10NL,1,t ɾ a n s i ç ˈi ɾ,471,660,71.36
90L_10NL_1_3,90L_10NL,1,t ɾ a n s i ç ˈi ɾ,388,660,58.79
90L_10NL_1_4,90L_10NL,1,t ɾ a n s i ç ˈi ɾ,184,660,27.88
90L_10NL_1_1,90L_10NL,1,u n ç ˈi ɾ,660,660,100.0
90L_10NL_1_2,90L_10NL,1,u n ç ˈi ɾ,660,660,100.0
90L_10NL_1_3,90L_10NL,1,u n ç ˈi ɾ,560,660,84.85
90L_10NL_1_4,90L_10NL,1,u n ç ˈi ɾ,660,660,100.0
90L_10NL_1_1,90L_10NL,1,u ɾ ç ˈi ɾ,619,660,93.79
90L_10NL_1_2,90L_10NL,1,u ɾ ç ˈi ɾ,476,660,72.12
90L_10NL_1_3,90L_10NL,1,u ɾ ç ˈi ɾ,598,660,90.61
90L_10NL_1_4,90L_10NL,1,u ɾ ç ˈi ɾ,660,660,100.0
90L_10NL_1_1,90L_10NL,1,ɡ w a ɾ e s ˈe ɾ,0,660,0.0
90L_10NL_1_2,90L_10NL,1,ɡ w a ɾ e s ˈe ɾ,0,660,0.0
90L_10NL_1_3,90L_10NL,1,ɡ w a ɾ e s ˈe ɾ,0,660,0.0
90L_10NL_1_4,90L_10NL,1,ɡ w a ɾ e s ˈe ɾ,0,660,0.0
90L_10NL_1_1,90L_10NL,1,ɡ w a ɾ n e s ˈe ɾ,0,660,0.0
90L_10NL_1_2,90L_10NL,1,ɡ w a ɾ n e s ˈe ɾ,0,660,0.0
90L_10NL_1_3,90L_10NL,1,ɡ w a ɾ n e s ˈe ɾ,0,660,0.0
90L_10NL_1_4,90L_10NL,1,ɡ w a ɾ n e s ˈe ɾ,0,660,0.0
90L_10NL_1_1,90L_10NL,1,ɾ e b e n ˈi ɾ,660,660,100.0
90L_10NL_1_2,90L_10NL,1,ɾ e b e n ˈi ɾ,660,660,100.0
90L_10NL_1_3,90L_10NL,1,ɾ e b e n ˈi ɾ,660,660,100.0
90L_10NL_1_4,90L_10NL,1,ɾ e b e n ˈi ɾ,660,660,100.0
90L_10NL_1_1,90L_10NL,1,ɾ e b e ɾ d e s ˈe ɾ,660,660,100.0
90L_10NL_1_2,90L_10NL,1,ɾ e b e ɾ d e s ˈe ɾ,660,660,100.0
90L_10NL_1_3,90L_10NL,1,ɾ e b e ɾ d e s ˈe ɾ,660,660,100.0
90L_10NL_1_4,90L_10NL,1,ɾ e b e ɾ d e s ˈe ɾ,660,660,100.0
90L_10NL_1_1,90L_10NL,1,ɾ e d e s ˈi ɾ,660,660,100.0
90L_10NL_1_2,90L_10NL,1,ɾ e d e s ˈi ɾ,660,660,100.0
90L_10NL_1_3,90L_10NL,1,ɾ e d e s ˈi ɾ,660,660,100.0
90L_10NL_1_4,90L_10NL,1,ɾ e d e s ˈi ɾ,660,660,100.0
90L_10NL_1_1,90L_10NL,1,ɾ e e s t a b l e s ˈe ɾ,0,660,0.0
90L_10NL_1_2,90L_10NL,1,ɾ e e s t a b l e s ˈe ɾ,0,660,0.0
90L_10NL_1_3,90L_10NL,1,ɾ e e s t a b l e s ˈe ɾ,660,660,100.0
90L_10NL_1_4,90L_10NL,1,ɾ e e s t a b l e s ˈe ɾ,0,660,0.0
90L_10NL_1_1,90L_10NL,1,ɾ e j n t ɾ o d u s ˈi ɾ,659,660,99.85
90L_10NL_1_2,90L_10NL,1,ɾ e j n t ɾ o d u s ˈi ɾ,576,660,87.27
90L_10NL_1_3,90L_10NL,1,ɾ e j n t ɾ o d u s ˈi ɾ,660,660,100.0
90L_10NL_1_4,90L_10NL,1,ɾ e j n t ɾ o d u s ˈi ɾ,657,660,99.55
90L_10NL_1_1,90L_10NL,1,ɾ e k a ˈe ɾ,660,660,100.0
90L_10NL_1_2,90L_10NL,1,ɾ e k a ˈe ɾ,545,660,82.58
90L_10NL_1_3,90L_10NL,1,ɾ e k a ˈe ɾ,660,660,100.0
90L_10NL_1_4,90L_10NL,1,ɾ e k a ˈe ɾ,630,660,95.45
90L_10NL_1_1,90L_10NL,1,ɾ e k o s ˈe ɾ,612,660,92.73
90L_10NL_1_2,90L_10NL,1,ɾ e k o s ˈe ɾ,612,660,92.73
90L_10NL_1_3,90L_10NL,1,ɾ e k o s ˈe ɾ,618,660,93.64
90L_10NL_1_4,90L_10NL,1,ɾ e k o s ˈe ɾ,612,660,92.73
90L_10NL_1_1,90L_10NL,1,ɾ e s t a b l e s ˈe ɾ,660,660,100.0
90L_10NL_1_2,90L_10NL,1,ɾ e s t a b l e s ˈe ɾ,660,660,100.0
90L_10NL_1_3,90L_10NL,1,ɾ e s t a b l e s ˈe ɾ,660,660,100.0
90L_10NL_1_4,90L_10NL,1,ɾ e s t a b l e s ˈe ɾ,660,660,100.0
90L_10NL_1_1,90L_10NL,1,ɾ e t ɾ a d u s ˈi ɾ,660,660,100.0
90L_10NL_1_2,90L_10NL,1,ɾ e t ɾ a d u s ˈi ɾ,620,660,93.94
90L_10NL_1_3,90L_10NL,1,ɾ e t ɾ a d u s ˈi ɾ,660,660,100.0
90L_10NL_1_4,90L_10NL,1,ɾ e t ɾ a d u s ˈi ɾ,660,660,100.0
90L_10NL_1_1,90L_10NL,1,ʃ a s ˈe ɾ,653,660,98.94
90L_10NL_1_2,90L_10NL,1,ʃ a s ˈe ɾ,590,660,89.39
90L_10NL_1_3,90L_10NL,1,ʃ a s ˈe ɾ,660,660,100.0
90L_10NL_1_4,90L_10NL,1,ʃ a s ˈe ɾ,635,660,96.21
90L_10NL_2_1,90L_10NL,2,a b o r e s ˈe ɾ,660,660,100.0
90L_10NL_2_2,90L_10NL,2,a b o r e s ˈe ɾ,658,660,99.7
90L_10NL_2_3,90L_10NL,2,a b o r e s ˈe ɾ,660,660,100.0
90L_10NL_2_4,90L_10NL,2,a b o r e s ˈe ɾ,660,660,100.0
90L_10NL_2_1,90L_10NL,2,a d o ɾ m e s ˈe ɾ,660,660,100.0
90L_10NL_2_2,90L_10NL,2,a d o ɾ m e s ˈe ɾ,660,660,100.0
90L_10NL_2_3,90L_10NL,2,a d o ɾ m e s ˈe ɾ,660,660,100.0
90L_10NL_2_4,90L_10NL,2,a d o ɾ m e s ˈe ɾ,475,660,71.97
90L_10NL_2_1,90L_10NL,2,a d ʃ a s ˈe ɾ,0,660,0.0
90L_10NL_2_2,90L_10NL,2,a d ʃ a s ˈe ɾ,130,660,19.7
90L_10NL_2_3,90L_10NL,2,a d ʃ a s ˈe ɾ,0,660,0.0
90L_10NL_2_4,90L_10NL,2,a d ʃ a s ˈe ɾ,651,660,98.64
90L_10NL_2_1,90L_10NL,2,a m a n e s ˈe ɾ,660,660,100.0
90L_10NL_2_2,90L_10NL,2,a m a n e s ˈe ɾ,660,660,100.0
90L_10NL_2_3,90L_10NL,2,a m a n e s ˈe ɾ,660,660,100.0
90L_10NL_2_4,90L_10NL,2,a m a n e s ˈe ɾ,660,660,100.0
90L_10NL_2_1,90L_10NL,2,a n t e d e s ˈi ɾ,660,660,100.0
90L_10NL_2_2,90L_10NL,2,a n t e d e s ˈi ɾ,660,660,100.0
90L_10NL_2_3,90L_10NL,2,a n t e d e s ˈi ɾ,660,660,100.0
90L_10NL_2_4,90L_10NL,2,a n t e d e s ˈi ɾ,660,660,100.0
90L_10NL_2_1,90L_10NL,2,a p e t e s ˈe ɾ,596,660,90.3
90L_10NL_2_2,90L_10NL,2,a p e t e s ˈe ɾ,660,660,100.0
90L_10NL_2_3,90L_10NL,2,a p e t e s ˈe ɾ,660,660,100.0
90L_10NL_2_4,90L_10NL,2,a p e t e s ˈe ɾ,640,660,96.97
90L_10NL_2_1,90L_10NL,2,a p o n ˈe ɾ,659,660,99.85
90L_10NL_2_2,90L_10NL,2,a p o n ˈe ɾ,660,660,100.0
90L_10NL_2_3,90L_10NL,2,a p o n ˈe ɾ,660,660,100.0
90L_10NL_2_4,90L_10NL,2,a p o n ˈe ɾ,653,660,98.94
90L_10NL_2_1,90L_10NL,2,a t a ɾ d e s ˈe ɾ,660,660,100.0
90L_10NL_2_2,90L_10NL,2,a t a ɾ d e s ˈe ɾ,660,660,100.0
90L_10NL_2_3,90L_10NL,2,a t a ɾ d e s ˈe ɾ,660,660,100.0
90L_10NL_2_4,90L_10NL,2,a t a ɾ d e s ˈe ɾ,660,660,100.0
90L_10NL_2_1,90L_10NL,2,a t e n ˈe ɾ,660,660,100.0
90L_10NL_2_2,90L_10NL,2,a t e n ˈe ɾ,653,660,98.94
90L_10NL_2_3,90L_10NL,2,a t e n ˈe ɾ,660,660,100.0
90L_10NL_2_4,90L_10NL,2,a t e n ˈe ɾ,660,660,100.0
90L_10NL_2_1,90L_10NL,2,d e b e n ˈi ɾ,660,660,100.0
90L_10NL_2_2,90L_10NL,2,d e b e n ˈi ɾ,660,660,100.0
90L_10NL_2_3,90L_10NL,2,d e b e n ˈi ɾ,660,660,100.0
90L_10NL_2_4,90L_10NL,2,d e b e n ˈi ɾ,660,660,100.0
90L_10NL_2_1,90L_10NL,2,d e d u s ˈi ɾ,660,660,100.0
90L_10NL_2_2,90L_10NL,2,d e d u s ˈi ɾ,660,660,100.0
90L_10NL_2_3,90L_10NL,2,d e d u s ˈi ɾ,660,660,100.0
90L_10NL_2_4,90L_10NL,2,d e d u s ˈi ɾ,660,660,100.0
90L_10NL_2_1,90L_10NL,2,d e s a p a ɾ e s ˈe ɾ,660,660,100.0
90L_10NL_2_2,90L_10NL,2,d e s a p a ɾ e s ˈe ɾ,660,660,100.0
90L_10NL_2_3,90L_10NL,2,d e s a p a ɾ e s ˈe ɾ,660,660,100.0
90L_10NL_2_4,90L_10NL,2,d e s a p a ɾ e s ˈe ɾ,660,660,100.0
90L_10NL_2_1,90L_10NL,2,d e s a s ˈe ɾ,220,220,100.0
90L_10NL_2_2,90L_10NL,2,d e s a s ˈe ɾ,220,220,100.0
90L_10NL_2_3,90L_10NL,2,d e s a s ˈe ɾ,214,220,97.27
90L_10NL_2_4,90L_10NL,2,d e s a s ˈe ɾ,214,220,97.27
90L_10NL_2_1,90L_10NL,2,d e s a s ˈi ɾ,55,440,12.5
90L_10NL_2_2,90L_10NL,2,d e s a s ˈi ɾ,55,440,12.5
90L_10NL_2_3,90L_10NL,2,d e s a s ˈi ɾ,54,440,12.27
90L_10NL_2_4,90L_10NL,2,d e s a s ˈi ɾ,55,440,12.5
90L_10NL_2_1,90L_10NL,2,d e s b a n e s ˈe ɾ,660,660,100.0
90L_10NL_2_2,90L_10NL,2,d e s b a n e s ˈe ɾ,660,660,100.0
90L_10NL_2_3,90L_10NL,2,d e s b a n e s ˈe ɾ,660,660,100.0
90L_10NL_2_4,90L_10NL,2,d e s b a n e s ˈe ɾ,660,660,100.0
90L_10NL_2_1,90L_10NL,2,d e s o b e d e s ˈe ɾ,659,660,99.85
90L_10NL_2_2,90L_10NL,2,d e s o b e d e s ˈe ɾ,660,660,100.0
90L_10NL_2_3,90L_10NL,2,d e s o b e d e s ˈe ɾ,660,660,100.0
90L_10NL_2_4,90L_10NL,2,d e s o b e d e s ˈe ɾ,660,660,100.0
90L_10NL_2_1,90L_10NL,2,d e s p a ɾ e s ˈe ɾ,660,660,100.0
90L_10NL_2_2,90L_10NL,2,d e s p a ɾ e s ˈe ɾ,660,660,100.0
90L_10NL_2_3,90L_10NL,2,d e s p a ɾ e s ˈe ɾ,660,660,100.0
90L_10NL_2_4,90L_10NL,2,d e s p a ɾ e s ˈe ɾ,660,660,100.0
90L_10NL_2_1,90L_10NL,2,d e s t o ɾ s ˈe ɾ,582,660,88.18
90L_10NL_2_2,90L_10NL,2,d e s t o ɾ s ˈe ɾ,533,660,80.76
90L_10NL_2_3,90L_10NL,2,d e s t o ɾ s ˈe ɾ,612,660,92.73
90L_10NL_2_4,90L_10NL,2,d e s t o ɾ s ˈe ɾ,581,660,88.03
90L_10NL_2_1,90L_10NL,2,d e ɾ e l i n k ˈi ɾ,660,660,100.0
90L_10NL_2_2,90L_10NL,2,d e ɾ e l i n k ˈi ɾ,660,660,100.0
90L_10NL_2_3,90L_10NL,2,d e ɾ e l i n k ˈi ɾ,657,660,99.55
90L_10NL_2_4,90L_10NL,2,d e ɾ e l i n k ˈi ɾ,660,660,100.0
90L_10NL_2_1,90L_10NL,2,d i ɾ i ç ˈi ɾ,660,660,100.0
90L_10NL_2_2,90L_10NL,2,d i ɾ i ç ˈi ɾ,660,660,100.0
90L_10NL_2_3,90L_10NL,2,d i ɾ i ç ˈi ɾ,658,660,99.7
90L_10NL_2_4,90L_10NL,2,d i ɾ i ç ˈi ɾ,660,660,100.0
90L_10NL_2_1,90L_10NL,2,e d u s ˈi ɾ,660,660,100.0
90L_10NL_2_2,90L_10NL,2,e d u s ˈi ɾ,660,660,100.0
90L_10NL_2_3,90L_10NL,2,e d u s ˈi ɾ,660,660,100.0
90L_10NL_2_4,90L_10NL,2,e d u s ˈi ɾ,660,660,100.0
90L_10NL_2_1,90L_10NL,2,e k i b a l ˈe ɾ,660,660,100.0
90L_10NL_2_2,90L_10NL,2,e k i b a l ˈe ɾ,660,660,100.0
90L_10NL_2_3,90L_10NL,2,e k i b a l ˈe ɾ,638,660,96.67
90L_10NL_2_4,90L_10NL,2,e k i b a l ˈe ɾ,0,660,0.0
90L_10NL_2_1,90L_10NL,2,e k s t ɾ a ˈe ɾ,641,660,97.12
90L_10NL_2_2,90L_10NL,2,e k s t ɾ a ˈe ɾ,660,660,100.0
90L_10NL_2_3,90L_10NL,2,e k s t ɾ a ˈe ɾ,650,660,98.48
90L_10NL_2_4,90L_10NL,2,e k s t ɾ a ˈe ɾ,660,660,100.0
90L_10NL_2_1,90L_10NL,2,e l i ç ˈi ɾ,550,660,83.33
90L_10NL_2_2,90L_10NL,2,e l i ç ˈi ɾ,550,660,83.33
90L_10NL_2_3,90L_10NL,2,e l i ç ˈi ɾ,550,660,83.33
90L_10NL_2_4,90L_10NL,2,e l i ç ˈi ɾ,550,660,83.33
90L_10NL_2_1,90L_10NL,2,e m b e ʃ e s ˈe ɾ,660,660,100.0
90L_10NL_2_2,90L_10NL,2,e m b e ʃ e s ˈe ɾ,660,660,100.0
90L_10NL_2_3,90L_10NL,2,e m b e ʃ e s ˈe ɾ,660,660,100.0
90L_10NL_2_4,90L_10NL,2,e m b e ʃ e s ˈe ɾ,660,660,100.0
90L_10NL_2_1,90L_10NL,2,e m p o b ɾ e s ˈe ɾ,660,660,100.0
90L_10NL_2_2,90L_10NL,2,e m p o b ɾ e s ˈe ɾ,660,660,100.0
90L_10NL_2_3,90L_10NL,2,e m p o b ɾ e s ˈe ɾ,26,660,3.94
90L_10NL_2_4,90L_10NL,2,e m p o b ɾ e s ˈe ɾ,660,660,100.0
90L_10NL_2_1,90L_10NL,2,e m u n ç ˈe ɾ,660,660,100.0
90L_10NL_2_2,90L_10NL,2,e m u n ç ˈe ɾ,660,660,100.0
90L_10NL_2_3,90L_10NL,2,e m u n ç ˈe ɾ,660,660,100.0
90L_10NL_2_4,90L_10NL,2,e m u n ç ˈe ɾ,660,660,100.0
90L_10NL_2_1,90L_10NL,2,e n b i l e s ˈe ɾ,659,660,99.85
90L_10NL_2_2,90L_10NL,2,e n b i l e s ˈe ɾ,660,660,100.0
90L_10NL_2_3,90L_10NL,2,e n b i l e s ˈe ɾ,660,660,100.0
90L_10NL_2_4,90L_10NL,2,e n b i l e s ˈe ɾ,659,660,99.85
90L_10NL_2_1,90L_10NL,2,e n k a ʃ e s ˈe ɾ,660,660,100.0
90L_10NL_2_2,90L_10NL,2,e n k a ʃ e s ˈe ɾ,660,660,100.0
90L_10NL_2_3,90L_10NL,2,e n k a ʃ e s ˈe ɾ,660,660,100.0
90L_10NL_2_4,90L_10NL,2,e n k a ʃ e s ˈe ɾ,660,660,100.0
90L_10NL_2_1,90L_10NL,2,e n l o k e s ˈe ɾ,660,660,100.0
90L_10NL_2_2,90L_10NL,2,e n l o k e s ˈe ɾ,660,660,100.0
90L_10NL_2_3,90L_10NL,2,e n l o k e s ˈe ɾ,660,660,100.0
90L_10NL_2_4,90L_10NL,2,e n l o k e s ˈe ɾ,660,660,100.0
90L_10NL_2_1,90L_10NL,2,e n l u s ˈi ɾ,660,660,100.0
90L_10NL_2_2,90L_10NL,2,e n l u s ˈi ɾ,660,660,100.0
90L_10NL_2_3,90L_10NL,2,e n l u s ˈi ɾ,660,660,100.0
90L_10NL_2_4,90L_10NL,2,e n l u s ˈi ɾ,660,660,100.0
90L_10NL_2_1,90L_10NL,2,e s k o s ˈe ɾ,612,660,92.73
90L_10NL_2_2,90L_10NL,2,e s k o s ˈe ɾ,391,660,59.24
90L_10NL_2_3,90L_10NL,2,e s k o s ˈe ɾ,612,660,92.73
90L_10NL_2_4,90L_10NL,2,e s k o s ˈe ɾ,646,660,97.88
90L_10NL_2_1,90L_10NL,2,e x e ɾ s ˈe ɾ,645,660,97.73
90L_10NL_2_2,90L_10NL,2,e x e ɾ s ˈe ɾ,629,660,95.3
90L_10NL_2_3,90L_10NL,2,e x e ɾ s ˈe ɾ,659,660,99.85
90L_10NL_2_4,90L_10NL,2,e x e ɾ s ˈe ɾ,370,660,56.06
90L_10NL_2_1,90L_10NL,2,e ɾ i ç ˈi ɾ,550,660,83.33
90L_10NL_2_2,90L_10NL,2,e ɾ i ç ˈi ɾ,572,660,86.67
90L_10NL_2_3,90L_10NL,2,e ɾ i ç ˈi ɾ,660,660,100.0
90L_10NL_2_4,90L_10NL,2,e ɾ i ç ˈi ɾ,550,660,83.33
90L_10NL_2_1,90L_10NL,2,f u n ç ˈi ɾ,660,660,100.0
90L_10NL_2_2,90L_10NL,2,f u n ç ˈi ɾ,660,660,100.0
90L_10NL_2_3,90L_10NL,2,f u n ç ˈi ɾ,660,660,100.0
90L_10NL_2_4,90L_10NL,2,f u n ç ˈi ɾ,660,660,100.0
90L_10NL_2_1,90L_10NL,2,f ɾ a n ç ˈi ɾ,594,660,90.0
90L_10NL_2_2,90L_10NL,2,f ɾ a n ç ˈi ɾ,660,660,100.0
90L_10NL_2_3,90L_10NL,2,f ɾ a n ç ˈi ɾ,660,660,100.0
90L_10NL_2_4,90L_10NL,2,f ɾ a n ç ˈi ɾ,585,660,88.64
90L_10NL_2_1,90L_10NL,2,i n t e l i ç ˈi ɾ,550,660,83.33
90L_10NL_2_2,90L_10NL,2,i n t e l i ç ˈi ɾ,660,660,100.0
90L_10NL_2_3,90L_10NL,2,i n t e l i ç ˈi ɾ,660,660,100.0
90L_10NL_2_4,90L_10NL,2,i n t e l i ç ˈi ɾ,574,660,86.97
90L_10NL_2_1,90L_10NL,2,i n t e ɾ b e n ˈi ɾ,660,660,100.0
90L_10NL_2_2,90L_10NL,2,i n t e ɾ b e n ˈi ɾ,660,660,100.0
90L_10NL_2_3,90L_10NL,2,i n t e ɾ b e n ˈi ɾ,660,660,100.0
90L_10NL_2_4,90L_10NL,2,i n t e ɾ b e n ˈi ɾ,660,660,100.0
90L_10NL_2_1,90L_10NL,2,k o p ɾ o d u s ˈi ɾ,660,660,100.0
90L_10NL_2_2,90L_10NL,2,k o p ɾ o d u s ˈi ɾ,657,660,99.55
90L_10NL_2_3,90L_10NL,2,k o p ɾ o d u s ˈi ɾ,660,660,100.0
90L_10NL_2_4,90L_10NL,2,k o p ɾ o d u s ˈi ɾ,660,660,100.0
90L_10NL_2_1,90L_10NL,2,l a n ɡ i d e s ˈe ɾ,637,660,96.52
90L_10NL_2_2,90L_10NL,2,l a n ɡ i d e s ˈe ɾ,660,660,100.0
90L_10NL_2_3,90L_10NL,2,l a n ɡ i d e s ˈe ɾ,653,660,98.94
90L_10NL_2_4,90L_10NL,2,l a n ɡ i d e s ˈe ɾ,660,660,100.0
90L_10NL_2_1,90L_10NL,2,o b t e n ˈe ɾ,196,660,29.7
90L_10NL_2_2,90L_10NL,2,o b t e n ˈe ɾ,303,660,45.91
90L_10NL_2_3,90L_10NL,2,o b t e n ˈe ɾ,212,660,32.12
90L_10NL_2_4,90L_10NL,2,o b t e n ˈe ɾ,116,660,17.58
90L_10NL_2_1,90L_10NL,2,o f ɾ e s ˈe ɾ,660,660,100.0
90L_10NL_2_2,90L_10NL,2,o f ɾ e s ˈe ɾ,660,660,100.0
90L_10NL_2_3,90L_10NL,2,o f ɾ e s ˈe ɾ,660,660,100.0
90L_10NL_2_4,90L_10NL,2,o f ɾ e s ˈe ɾ,660,660,100.0
90L_10NL_2_1,90L_10NL,2,o p o n ˈe ɾ,660,660,100.0
90L_10NL_2_2,90L_10NL,2,o p o n ˈe ɾ,660,660,100.0
90L_10NL_2_3,90L_10NL,2,o p o n ˈe ɾ,660,660,100.0
90L_10NL_2_4,90L_10NL,2,o p o n ˈe ɾ,660,660,100.0
90L_10NL_2_1,90L_10NL,2,p ɾ e b e n ˈi ɾ,660,660,100.0
90L_10NL_2_2,90L_10NL,2,p ɾ e b e n ˈi ɾ,660,660,100.0
90L_10NL_2_3,90L_10NL,2,p ɾ e b e n ˈi ɾ,660,660,100.0
90L_10NL_2_4,90L_10NL,2,p ɾ e b e n ˈi ɾ,660,660,100.0
90L_10NL_2_1,90L_10NL,2,p ɾ e d e s ˈi ɾ,640,660,96.97
90L_10NL_2_2,90L_10NL,2,p ɾ e d e s ˈi ɾ,660,660,100.0
90L_10NL_2_3,90L_10NL,2,p ɾ e d e s ˈi ɾ,650,660,98.48
90L_10NL_2_4,90L_10NL,2,p ɾ e d e s ˈi ɾ,656,660,99.39
90L_10NL_2_1,90L_10NL,2,s o b ɾ e s a l ˈi ɾ,162,660,24.55
90L_10NL_2_2,90L_10NL,2,s o b ɾ e s a l ˈi ɾ,118,660,17.88
90L_10NL_2_3,90L_10NL,2,s o b ɾ e s a l ˈi ɾ,152,660,23.03
90L_10NL_2_4,90L_10NL,2,s o b ɾ e s a l ˈi ɾ,6,660,0.91
90L_10NL_2_1,90L_10NL,2,s o s t e n ˈe ɾ,660,660,100.0
90L_10NL_2_2,90L_10NL,2,s o s t e n ˈe ɾ,648,660,98.18
90L_10NL_2_3,90L_10NL,2,s o s t e n ˈe ɾ,660,660,100.0
90L_10NL_2_4,90L_10NL,2,s o s t e n ˈe ɾ,660,660,100.0
90L_10NL_2_1,90L_10NL,2,s u b s t ɾ a ˈe ɾ,572,660,86.67
90L_10NL_2_2,90L_10NL,2,s u b s t ɾ a ˈe ɾ,657,660,99.55
90L_10NL_2_3,90L_10NL,2,s u b s t ɾ a ˈe ɾ,659,660,99.85
90L_10NL_2_4,90L_10NL,2,s u b s t ɾ a ˈe ɾ,627,660,95.0
90L_10NL_2_1,90L_10NL,2,s u ɾ s ˈi ɾ,660,660,100.0
90L_10NL_2_2,90L_10NL,2,s u ɾ s ˈi ɾ,660,660,100.0
90L_10NL_2_3,90L_10NL,2,s u ɾ s ˈi ɾ,659,660,99.85
90L_10NL_2_4,90L_10NL,2,s u ɾ s ˈi ɾ,660,660,100.0
90L_10NL_2_1,90L_10NL,2,t ɾ a s p o n ˈe ɾ,660,660,100.0
90L_10NL_2_2,90L_10NL,2,t ɾ a s p o n ˈe ɾ,660,660,100.0
90L_10NL_2_3,90L_10NL,2,t ɾ a s p o n ˈe ɾ,660,660,100.0
90L_10NL_2_4,90L_10NL,2,t ɾ a s p o n ˈe ɾ,660,660,100.0
90L_10NL_2_1,90L_10NL,2,t ɾ a ˈe ɾ,660,660,100.0
90L_10NL_2_2,90L_10NL,2,t ɾ a ˈe ɾ,660,660,100.0
90L_10NL_2_3,90L_10NL,2,t ɾ a ˈe ɾ,660,660,100.0
90L_10NL_2_4,90L_10NL,2,t ɾ a ˈe ɾ,645,660,97.73
90L_10NL_2_1,90L_10NL,2,u ɾ ç ˈi ɾ,656,660,99.39
90L_10NL_2_2,90L_10NL,2,u ɾ ç ˈi ɾ,646,660,97.88
90L_10NL_2_3,90L_10NL,2,u ɾ ç ˈi ɾ,660,660,100.0
90L_10NL_2_4,90L_10NL,2,u ɾ ç ˈi ɾ,606,660,91.82
90L_10NL_2_1,90L_10NL,2,ɾ e a p a ɾ e s ˈe ɾ,660,660,100.0
90L_10NL_2_2,90L_10NL,2,ɾ e a p a ɾ e s ˈe ɾ,660,660,100.0
90L_10NL_2_3,90L_10NL,2,ɾ e a p a ɾ e s ˈe ɾ,660,660,100.0
90L_10NL_2_4,90L_10NL,2,ɾ e a p a ɾ e s ˈe ɾ,660,660,100.0
90L_10NL_2_1,90L_10NL,2,ɾ e a s ˈe ɾ,576,660,87.27
90L_10NL_2_2,90L_10NL,2,ɾ e a s ˈe ɾ,481,660,72.88
90L_10NL_2_3,90L_10NL,2,ɾ e a s ˈe ɾ,594,660,90.0
90L_10NL_2_4,90L_10NL,2,ɾ e a s ˈe ɾ,583,660,88.33
90L_10NL_2_1,90L_10NL,2,ɾ e d e s ˈi ɾ,660,660,100.0
90L_10NL_2_2,90L_10NL,2,ɾ e d e s ˈi ɾ,650,660,98.48
90L_10NL_2_3,90L_10NL,2,ɾ e d e s ˈi ɾ,650,660,98.48
90L_10NL_2_4,90L_10NL,2,ɾ e d e s ˈi ɾ,660,660,100.0
90L_10NL_2_1,90L_10NL,2,ɾ e d i ɾ i ç ˈi ɾ,660,660,100.0
90L_10NL_2_2,90L_10NL,2,ɾ e d i ɾ i ç ˈi ɾ,660,660,100.0
90L_10NL_2_3,90L_10NL,2,ɾ e d i ɾ i ç ˈi ɾ,660,660,100.0
90L_10NL_2_4,90L_10NL,2,ɾ e d i ɾ i ç ˈi ɾ,660,660,100.0
90L_10NL_2_1,90L_10NL,2,ɾ e p o n ˈe ɾ,660,660,100.0
90L_10NL_2_2,90L_10NL,2,ɾ e p o n ˈe ɾ,660,660,100.0
90L_10NL_2_3,90L_10NL,2,ɾ e p o n ˈe ɾ,660,660,100.0
90L_10NL_2_4,90L_10NL,2,ɾ e p o n ˈe ɾ,660,660,100.0
90L_10NL_2_1,90L_10NL,2,ɾ e t e n ˈe ɾ,645,660,97.73
90L_10NL_2_2,90L_10NL,2,ɾ e t e n ˈe ɾ,660,660,100.0
90L_10NL_2_3,90L_10NL,2,ɾ e t e n ˈe ɾ,660,660,100.0
90L_10NL_2_4,90L_10NL,2,ɾ e t e n ˈe ɾ,631,660,95.61
90L_10NL_2_1,90L_10NL,2,ɾ e t ɾ o t ɾ a ˈe ɾ,559,660,84.7
90L_10NL_2_2,90L_10NL,2,ɾ e t ɾ o t ɾ a ˈe ɾ,332,660,50.3
90L_10NL_2_3,90L_10NL,2,ɾ e t ɾ o t ɾ a ˈe ɾ,540,660,81.82
90L_10NL_2_4,90L_10NL,2,ɾ e t ɾ o t ɾ a ˈe ɾ,369,660,55.91
90L_10NL_2_1,90L_10NL,2,ʃ u k s t a p o n ˈe ɾ,344,660,52.12
90L_10NL_2_2,90L_10NL,2,ʃ u k s t a p o n ˈe ɾ,660,660,100.0
90L_10NL_2_3,90L_10NL,2,ʃ u k s t a p o n ˈe ɾ,660,660,100.0
90L_10NL_2_4,90L_10NL,2,ʃ u k s t a p o n ˈe ɾ,8,660,1.21
90L_10NL_3_1,90L_10NL,3,a b e n ˈi ɾ,656,660,99.39
90L_10NL_3_2,90L_10NL,3,a b e n ˈi ɾ,646,660,97.88
90L_10NL_3_3,90L_10NL,3,a b e n ˈi ɾ,640,660,96.97
90L_10NL_3_4,90L_10NL,3,a b e n ˈi ɾ,422,660,63.94
90L_10NL_3_1,90L_10NL,3,a b s t ɾ a ˈe ɾ,660,660,100.0
90L_10NL_3_2,90L_10NL,3,a b s t ɾ a ˈe ɾ,602,660,91.21
90L_10NL_3_3,90L_10NL,3,a b s t ɾ a ˈe ɾ,656,660,99.39
90L_10NL_3_4,90L_10NL,3,a b s t ɾ a ˈe ɾ,605,660,91.67
90L_10NL_3_1,90L_10NL,3,a d ʃ a s ˈe ɾ,180,660,27.27
90L_10NL_3_2,90L_10NL,3,a d ʃ a s ˈe ɾ,93,660,14.09
90L_10NL_3_3,90L_10NL,3,a d ʃ a s ˈe ɾ,532,660,80.61
90L_10NL_3_4,90L_10NL,3,a d ʃ a s ˈe ɾ,128,660,19.39
90L_10NL_3_1,90L_10NL,3,a f l i ç ˈi ɾ,660,660,100.0
90L_10NL_3_2,90L_10NL,3,a f l i ç ˈi ɾ,660,660,100.0
90L_10NL_3_3,90L_10NL,3,a f l i ç ˈi ɾ,660,660,100.0
90L_10NL_3_4,90L_10NL,3,a f l i ç ˈi ɾ,660,660,100.0
90L_10NL_3_1,90L_10NL,3,a m a n e s ˈe ɾ,660,660,100.0
90L_10NL_3_2,90L_10NL,3,a m a n e s ˈe ɾ,660,660,100.0
90L_10NL_3_3,90L_10NL,3,a m a n e s ˈe ɾ,660,660,100.0
90L_10NL_3_4,90L_10NL,3,a m a n e s ˈe ɾ,660,660,100.0
90L_10NL_3_1,90L_10NL,3,a s t ɾ i n ç ˈi ɾ,656,660,99.39
90L_10NL_3_2,90L_10NL,3,a s t ɾ i n ç ˈi ɾ,637,660,96.52
90L_10NL_3_3,90L_10NL,3,a s t ɾ i n ç ˈi ɾ,660,660,100.0
90L_10NL_3_4,90L_10NL,3,a s t ɾ i n ç ˈi ɾ,637,660,96.52
90L_10NL_3_1,90L_10NL,3,a t a ɾ d e s ˈe ɾ,611,660,92.58
90L_10NL_3_2,90L_10NL,3,a t a ɾ d e s ˈe ɾ,0,660,0.0
90L_10NL_3_3,90L_10NL,3,a t a ɾ d e s ˈe ɾ,0,660,0.0
90L_10NL_3_4,90L_10NL,3,a t a ɾ d e s ˈe ɾ,660,660,100.0
90L_10NL_3_1,90L_10NL,3,b a l ˈe ɾ,301,660,45.61
90L_10NL_3_2,90L_10NL,3,b a l ˈe ɾ,660,660,100.0
90L_10NL_3_3,90L_10NL,3,b a l ˈe ɾ,660,660,100.0
90L_10NL_3_4,90L_10NL,3,b a l ˈe ɾ,660,660,100.0
90L_10NL_3_1,90L_10NL,3,d e b e n ˈi ɾ,660,660,100.0
90L_10NL_3_2,90L_10NL,3,d e b e n ˈi ɾ,645,660,97.73
90L_10NL_3_3,90L_10NL,3,d e b e n ˈi ɾ,657,660,99.55
90L_10NL_3_4,90L_10NL,3,d e b e n ˈi ɾ,639,660,96.82
90L_10NL_3_1,90L_10NL,3,d e d u s ˈi ɾ,660,660,100.0
90L_10NL_3_2,90L_10NL,3,d e d u s ˈi ɾ,660,660,100.0
90L_10NL_3_3,90L_10NL,3,d e d u s ˈi ɾ,660,660,100.0
90L_10NL_3_4,90L_10NL,3,d e d u s ˈi ɾ,660,660,100.0
90L_10NL_3_1,90L_10NL,3,d e s a p a ɾ e s ˈe ɾ,660,660,100.0
90L_10NL_3_2,90L_10NL,3,d e s a p a ɾ e s ˈe ɾ,486,660,73.64
90L_10NL_3_3,90L_10NL,3,d e s a p a ɾ e s ˈe ɾ,660,660,100.0
90L_10NL_3_4,90L_10NL,3,d e s a p a ɾ e s ˈe ɾ,660,660,100.0
90L_10NL_3_1,90L_10NL,3,d e s a ɡ ɾ a d e s ˈe ɾ,0,660,0.0
90L_10NL_3_2,90L_10NL,3,d e s a ɡ ɾ a d e s ˈe ɾ,367,660,55.61
90L_10NL_3_3,90L_10NL,3,d e s a ɡ ɾ a d e s ˈe ɾ,659,660,99.85
90L_10NL_3_4,90L_10NL,3,d e s a ɡ ɾ a d e s ˈe ɾ,613,660,92.88
90L_10NL_3_1,90L_10NL,3,d e s b a n e s ˈe ɾ,660,660,100.0
90L_10NL_3_2,90L_10NL,3,d e s b a n e s ˈe ɾ,660,660,100.0
90L_10NL_3_3,90L_10NL,3,d e s b a n e s ˈe ɾ,660,660,100.0
90L_10NL_3_4,90L_10NL,3,d e s b a n e s ˈe ɾ,648,660,98.18
90L_10NL_3_1,90L_10NL,3,d e s f a b o ɾ e s ˈe ɾ,660,660,100.0
90L_10NL_3_2,90L_10NL,3,d e s f a b o ɾ e s ˈe ɾ,30,660,4.55
90L_10NL_3_3,90L_10NL,3,d e s f a b o ɾ e s ˈe ɾ,194,660,29.39
90L_10NL_3_4,90L_10NL,3,d e s f a b o ɾ e s ˈe ɾ,617,660,93.48
90L_10NL_3_1,90L_10NL,3,d e s k o s ˈe ɾ,272,275,98.91
90L_10NL_3_2,90L_10NL,3,d e s k o s ˈe ɾ,180,275,65.45
90L_10NL_3_3,90L_10NL,3,d e s k o s ˈe ɾ,148,275,53.82
90L_10NL_3_4,90L_10NL,3,d e s k o s ˈe ɾ,211,275,76.73
90L_10NL_3_1,90L_10NL,3,d e s l u s ˈi ɾ,660,660,100.0
90L_10NL_3_2,90L_10NL,3,d e s l u s ˈi ɾ,659,660,99.85
90L_10NL_3_3,90L_10NL,3,d e s l u s ˈi ɾ,660,660,100.0
90L_10NL_3_4,90L_10NL,3,d e s l u s ˈi ɾ,660,660,100.0
90L_10NL_3_1,90L_10NL,3,d e s p a ɾ e s ˈe ɾ,660,660,100.0
90L_10NL_3_2,90L_10NL,3,d e s p a ɾ e s ˈe ɾ,660,660,100.0
90L_10NL_3_3,90L_10NL,3,d e s p a ɾ e s ˈe ɾ,660,660,100.0
90L_10NL_3_4,90L_10NL,3,d e s p a ɾ e s ˈe ɾ,660,660,100.0
90L_10NL_3_1,90L_10NL,3,e l i ç ˈi ɾ,550,660,83.33
90L_10NL_3_2,90L_10NL,3,e l i ç ˈi ɾ,550,660,83.33
90L_10NL_3_3,90L_10NL,3,e l i ç ˈi ɾ,550,660,83.33
90L_10NL_3_4,90L_10NL,3,e l i ç ˈi ɾ,560,660,84.85
90L_10NL_3_1,90L_10NL,3,e m e ɾ ç ˈe ɾ,660,660,100.0
90L_10NL_3_2,90L_10NL,3,e m e ɾ ç ˈe ɾ,657,660,99.55
90L_10NL_3_3,90L_10NL,3,e m e ɾ ç ˈe ɾ,660,660,100.0
90L_10NL_3_4,90L_10NL,3,e m e ɾ ç ˈe ɾ,660,660,100.0
90L_10NL_3_1,90L_10NL,3,e n a ɾ d e s ˈe ɾ,660,660,100.0
90L_10NL_3_2,90L_10NL,3,e n a ɾ d e s ˈe ɾ,660,660,100.0
90L_10NL_3_3,90L_10NL,3,e n a ɾ d e s ˈe ɾ,659,660,99.85
90L_10NL_3_4,90L_10NL,3,e n a ɾ d e s ˈe ɾ,660,660,100.0
90L_10NL_3_1,90L_10NL,3,e n b a n e s ˈe ɾ,660,660,100.0
90L_10NL_3_2,90L_10NL,3,e n b a n e s ˈe ɾ,660,660,100.0
90L_10NL_3_3,90L_10NL,3,e n b a n e s ˈe ɾ,660,660,100.0
90L_10NL_3_4,90L_10NL,3,e n b a n e s ˈe ɾ,660,660,100.0
90L_10NL_3_1,90L_10NL,3,e n f u ɾ e s ˈe ɾ,660,660,100.0
90L_10NL_3_2,90L_10NL,3,e n f u ɾ e s ˈe ɾ,660,660,100.0
90L_10NL_3_3,90L_10NL,3,e n f u ɾ e s ˈe ɾ,660,660,100.0
90L_10NL_3_4,90L_10NL,3,e n f u ɾ e s ˈe ɾ,660,660,100.0
90L_10NL_3_1,90L_10NL,3,e n l u s ˈi ɾ,660,660,100.0
90L_10NL_3_2,90L_10NL,3,e n l u s ˈi ɾ,660,660,100.0
90L_10NL_3_3,90L_10NL,3,e n l u s ˈi ɾ,660,660,100.0
90L_10NL_3_4,90L_10NL,3,e n l u s ˈi ɾ,648,660,98.18
90L_10NL_3_1,90L_10NL,3,e n m o e s ˈe ɾ,4,660,0.61
90L_10NL_3_2,90L_10NL,3,e n m o e s ˈe ɾ,598,660,90.61
90L_10NL_3_3,90L_10NL,3,e n m o e s ˈe ɾ,550,660,83.33
90L_10NL_3_4,90L_10NL,3,e n m o e s ˈe ɾ,418,660,63.33
90L_10NL_3_1,90L_10NL,3,e n n e ɡ ɾ e s ˈe ɾ,0,660,0.0
90L_10NL_3_2,90L_10NL,3,e n n e ɡ ɾ e s ˈe ɾ,644,660,97.58
90L_10NL_3_3,90L_10NL,3,e n n e ɡ ɾ e s ˈe ɾ,576,660,87.27
90L_10NL_3_4,90L_10NL,3,e n n e ɡ ɾ e s ˈe ɾ,659,660,99.85
90L_10NL_3_1,90L_10NL,3,e n s e ɡ e s ˈe ɾ,467,660,70.76
90L_10NL_3_2,90L_10NL,3,e n s e ɡ e s ˈe ɾ,654,660,99.09
90L_10NL_3_3,90L_10NL,3,e n s e ɡ e s ˈe ɾ,659,660,99.85
90L_10NL_3_4,90L_10NL,3,e n s e ɡ e s ˈe ɾ,652,660,98.79
90L_10NL_3_1,90L_10NL,3,e n ɾ i k e s ˈe ɾ,660,660,100.0
90L_10NL_3_2,90L_10NL,3,e n ɾ i k e s ˈe ɾ,660,660,100.0
90L_10NL_3_3,90L_10NL,3,e n ɾ i k e s ˈe ɾ,660,660,100.0
90L_10NL_3_4,90L_10NL,3,e n ɾ i k e s ˈe ɾ,659,660,99.85
90L_10NL_3_1,90L_10NL,3,f u n ç ˈi ɾ,660,660,100.0
90L_10NL_3_2,90L_10NL,3,f u n ç ˈi ɾ,660,660,100.0
90L_10NL_3_3,90L_10NL,3,f u n ç ˈi ɾ,660,660,100.0
90L_10NL_3_4,90L_10NL,3,f u n ç ˈi ɾ,660,660,100.0
90L_10NL_3_1,90L_10NL,3,i n d u s ˈi ɾ,660,660,100.0
90L_10NL_3_2,90L_10NL,3,i n d u s ˈi ɾ,660,660,100.0
90L_10NL_3_3,90L_10NL,3,i n d u s ˈi ɾ,660,660,100.0
90L_10NL_3_4,90L_10NL,3,i n d u s ˈi ɾ,660,660,100.0
90L_10NL_3_1,90L_10NL,3,k o l e ç ˈi ɾ,658,660,99.7
90L_10NL_3_2,90L_10NL,3,k o l e ç ˈi ɾ,626,660,94.85
90L_10NL_3_3,90L_10NL,3,k o l e ç ˈi ɾ,570,660,86.36
90L_10NL_3_4,90L_10NL,3,k o l e ç ˈi ɾ,569,660,86.21
90L_10NL_3_1,90L_10NL,3,k o m p o n ˈe ɾ,660,660,100.0
90L_10NL_3_2,90L_10NL,3,k o m p o n ˈe ɾ,660,660,100.0
90L_10NL_3_3,90L_10NL,3,k o m p o n ˈe ɾ,660,660,100.0
90L_10NL_3_4,90L_10NL,3,k o m p o n ˈe ɾ,660,660,100.0
90L_10NL_3_1,90L_10NL,3,k o n b e n s ˈe ɾ,0,660,0.0
90L_10NL_3_2,90L_10NL,3,k o n b e n s ˈe ɾ,1,660,0.15
90L_10NL_3_3,90L_10NL,3,k o n b e n s ˈe ɾ,0,660,0.0
90L_10NL_3_4,90L_10NL,3,k o n b e n s ˈe ɾ,0,660,0.0
90L_10NL_3_1,90L_10NL,3,k o n o s ˈe ɾ,656,660,99.39
90L_10NL_3_2,90L_10NL,3,k o n o s ˈe ɾ,654,660,99.09
90L_10NL_3_3,90L_10NL,3,k o n o s ˈe ɾ,660,660,100.0
90L_10NL_3_4,90L_10NL,3,k o n o s ˈe ɾ,645,660,97.73
90L_10NL_3_1,90L_10NL,3,k o n t e n ˈe ɾ,660,660,100.0
90L_10NL_3_2,90L_10NL,3,k o n t e n ˈe ɾ,660,660,100.0
90L_10NL_3_3,90L_10NL,3,k o n t e n ˈe ɾ,660,660,100.0
90L_10NL_3_4,90L_10NL,3,k o n t e n ˈe ɾ,660,660,100.0
90L_10NL_3_1,90L_10NL,3,k o n t ɾ a d e s ˈi ɾ,590,660,89.39
90L_10NL_3_2,90L_10NL,3,k o n t ɾ a d e s ˈi ɾ,550,660,83.33
90L_10NL_3_3,90L_10NL,3,k o n t ɾ a d e s ˈi ɾ,458,660,69.39
90L_10NL_3_4,90L_10NL,3,k o n t ɾ a d e s ˈi ɾ,525,660,79.55
90L_10NL_3_1,90L_10NL,3,k o r e ç ˈi ɾ,380,660,57.58
90L_10NL_3_2,90L_10NL,3,k o r e ç ˈi ɾ,385,660,58.33
90L_10NL_3_3,90L_10NL,3,k o r e ç ˈi ɾ,548,660,83.03
90L_10NL_3_4,90L_10NL,3,k o r e ç ˈi ɾ,405,660,61.36
90L_10NL_3_1,90L_10NL,3,k o ç ˈe ɾ,660,660,100.0
90L_10NL_3_2,90L_10NL,3,k o ç ˈe ɾ,660,660,100.0
90L_10NL_3_3,90L_10NL,3,k o ç ˈe ɾ,660,660,100.0
90L_10NL_3_4,90L_10NL,3,k o ç ˈe ɾ,660,660,100.0
90L_10NL_3_1,90L_10NL,3,l u s ˈi ɾ,660,660,100.0
90L_10NL_3_2,90L_10NL,3,l u s ˈi ɾ,660,660,100.0
90L_10NL_3_3,90L_10NL,3,l u s ˈi ɾ,660,660,100.0
90L_10NL_3_4,90L_10NL,3,l u s ˈi ɾ,660,660,100.0
90L_10NL_3_1,90L_10NL,3,m a l d e s ˈi ɾ,477,660,72.27
90L_10NL_3_2,90L_10NL,3,m a l d e s ˈi ɾ,655,660,99.24
90L_10NL_3_3,90L_10NL,3,m a l d e s ˈi ɾ,660,660,100.0
90L_10NL_3_4,90L_10NL,3,m a l d e s ˈi ɾ,651,660,98.64
90L_10NL_3_1,90L_10NL,3,m u l s ˈe ɾ,494,660,74.85
90L_10NL_3_2,90L_10NL,3,m u l s ˈe ɾ,659,660,99.85
90L_10NL_3_3,90L_10NL,3,m u l s ˈe ɾ,327,660,49.55
90L_10NL_3_4,90L_10NL,3,m u l s ˈe ɾ,648,660,98.18
90L_10NL_3_1,90L_10NL,3,m u l ç ˈe ɾ,660,660,100.0
90L_10NL_3_2,90L_10NL,3,m u l ç ˈe ɾ,660,660,100.0
90L_10NL_3_3,90L_10NL,3,m u l ç ˈe ɾ,660,660,100.0
90L_10NL_3_4,90L_10NL,3,m u l ç ˈe ɾ,660,660,100.0
90L_10NL_3_1,90L_10NL,3,p a d e s ˈe ɾ,660,660,100.0
90L_10NL_3_2,90L_10NL,3,p a d e s ˈe ɾ,660,660,100.0
90L_10NL_3_3,90L_10NL,3,p a d e s ˈe ɾ,660,660,100.0
90L_10NL_3_4,90L_10NL,3,p a d e s ˈe ɾ,660,660,100.0
90L_10NL_3_1,90L_10NL,3,p a l i d e s ˈe ɾ,660,660,100.0
90L_10NL_3_2,90L_10NL,3,p a l i d e s ˈe ɾ,660,660,100.0
90L_10NL_3_3,90L_10NL,3,p a l i d e s ˈe ɾ,660,660,100.0
90L_10NL_3_4,90L_10NL,3,p a l i d e s ˈe ɾ,660,660,100.0
90L_10NL_3_1,90L_10NL,3,p u n ç ˈi ɾ,660,660,100.0
90L_10NL_3_2,90L_10NL,3,p u n ç ˈi ɾ,660,660,100.0
90L_10NL_3_3,90L_10NL,3,p u n ç ˈi ɾ,660,660,100.0
90L_10NL_3_4,90L_10NL,3,p u n ç ˈi ɾ,660,660,100.0
90L_10NL_3_1,90L_10NL,3,p ɾ o b e n ˈi ɾ,660,660,100.0
90L_10NL_3_2,90L_10NL,3,p ɾ o b e n ˈi ɾ,660,660,100.0
90L_10NL_3_3,90L_10NL,3,p ɾ o b e n ˈi ɾ,660,660,100.0
90L_10NL_3_4,90L_10NL,3,p ɾ o b e n ˈi ɾ,660,660,100.0
90L_10NL_3_1,90L_10NL,3,p ɾ o p o n ˈe ɾ,660,660,100.0
90L_10NL_3_2,90L_10NL,3,p ɾ o p o n ˈe ɾ,660,660,100.0
90L_10NL_3_3,90L_10NL,3,p ɾ o p o n ˈe ɾ,660,660,100.0
90L_10NL_3_4,90L_10NL,3,p ɾ o p o n ˈe ɾ,660,660,100.0
90L_10NL_3_1,90L_10NL,3,s a l ˈi ɾ,411,660,62.27
90L_10NL_3_2,90L_10NL,3,s a l ˈi ɾ,659,660,99.85
90L_10NL_3_3,90L_10NL,3,s a l ˈi ɾ,658,660,99.7
90L_10NL_3_4,90L_10NL,3,s a l ˈi ɾ,656,660,99.39
90L_10NL_3_1,90L_10NL,3,s i ɾ k u n b e n ˈi ɾ,657,660,99.55
90L_10NL_3_2,90L_10NL,3,s i ɾ k u n b e n ˈi ɾ,658,660,99.7
90L_10NL_3_3,90L_10NL,3,s i ɾ k u n b e n ˈi ɾ,642,660,97.27
90L_10NL_3_4,90L_10NL,3,s i ɾ k u n b e n ˈi ɾ,657,660,99.55
90L_10NL_3_1,90L_10NL,3,s o b ɾ e k o ç ˈe ɾ,660,660,100.0
90L_10NL_3_2,90L_10NL,3,s o b ɾ e k o ç ˈe ɾ,566,660,85.76
90L_10NL_3_3,90L_10NL,3,s o b ɾ e k o ç ˈe ɾ,660,660,100.0
90L_10NL_3_4,90L_10NL,3,s o b ɾ e k o ç ˈe ɾ,652,660,98.79
90L_10NL_3_1,90L_10NL,3,t ɾ a s p o n ˈe ɾ,660,660,100.0
90L_10NL_3_2,90L_10NL,3,t ɾ a s p o n ˈe ɾ,337,660,51.06
90L_10NL_3_3,90L_10NL,3,t ɾ a s p o n ˈe ɾ,660,660,100.0
90L_10NL_3_4,90L_10NL,3,t ɾ a s p o n ˈe ɾ,660,660,100.0
90L_10NL_3_1,90L_10NL,3,u n s ˈi ɾ,654,660,99.09
90L_10NL_3_2,90L_10NL,3,u n s ˈi ɾ,658,660,99.7
90L_10NL_3_3,90L_10NL,3,u n s ˈi ɾ,657,660,99.55
90L_10NL_3_4,90L_10NL,3,u n s ˈi ɾ,660,660,100.0
90L_10NL_3_1,90L_10NL,3,x a k ˈi ɾ,10,660,1.52
90L_10NL_3_2,90L_10NL,3,x a k ˈi ɾ,551,660,83.48
90L_10NL_3_3,90L_10NL,3,x a k ˈi ɾ,332,660,50.3
90L_10NL_3_4,90L_10NL,3,x a k ˈi ɾ,462,660,70.0
90L_10NL_3_1,90L_10NL,3,ɡ w a ɾ e s ˈe ɾ,562,660,85.15
90L_10NL_3_2,90L_10NL,3,ɡ w a ɾ e s ˈe ɾ,587,660,88.94
90L_10NL_3_3,90L_10NL,3,ɡ w a ɾ e s ˈe ɾ,644,660,97.58
90L_10NL_3_4,90L_10NL,3,ɡ w a ɾ e s ˈe ɾ,624,660,94.55
90L_10NL_3_1,90L_10NL,3,ɾ e f u l ç ˈi ɾ,0,660,0.0
90L_10NL_3_2,90L_10NL,3,ɾ e f u l ç ˈi ɾ,586,660,88.79
90L_10NL_3_3,90L_10NL,3,ɾ e f u l ç ˈi ɾ,206,660,31.21
90L_10NL_3_4,90L_10NL,3,ɾ e f u l ç ˈi ɾ,616,660,93.33
90L_10NL_3_1,90L_10NL,3,ɾ e k o m p o n ˈe ɾ,660,660,100.0
90L_10NL_3_2,90L_10NL,3,ɾ e k o m p o n ˈe ɾ,660,660,100.0
90L_10NL_3_3,90L_10NL,3,ɾ e k o m p o n ˈe ɾ,660,660,100.0
90L_10NL_3_4,90L_10NL,3,ɾ e k o m p o n ˈe ɾ,660,660,100.0
90L_10NL_3_1,90L_10NL,3,ɾ e k o ç ˈe ɾ,660,660,100.0
90L_10NL_3_2,90L_10NL,3,ɾ e k o ç ˈe ɾ,659,660,99.85
90L_10NL_3_3,90L_10NL,3,ɾ e k o ç ˈe ɾ,660,660,100.0
90L_10NL_3_4,90L_10NL,3,ɾ e k o ç ˈe ɾ,660,660,100.0
90L_10NL_3_1,90L_10NL,3,ɾ e k ɾ u d e s ˈe ɾ,660,660,100.0
90L_10NL_3_2,90L_10NL,3,ɾ e k ɾ u d e s ˈe ɾ,660,660,100.0
90L_10NL_3_3,90L_10NL,3,ɾ e k ɾ u d e s ˈe ɾ,658,660,99.7
90L_10NL_3_4,90L_10NL,3,ɾ e k ɾ u d e s ˈe ɾ,660,660,100.0
90L_10NL_3_1,90L_10NL,3,ɾ e s t ɾ i n ç ˈi ɾ,660,660,100.0
90L_10NL_3_2,90L_10NL,3,ɾ e s t ɾ i n ç ˈi ɾ,657,660,99.55
90L_10NL_3_3,90L_10NL,3,ɾ e s t ɾ i n ç ˈi ɾ,660,660,100.0
90L_10NL_3_4,90L_10NL,3,ɾ e s t ɾ i n ç ˈi ɾ,652,660,98.79
90L_10NL_3_1,90L_10NL,3,ɾ e t e n ˈe ɾ,660,660,100.0
90L_10NL_3_2,90L_10NL,3,ɾ e t e n ˈe ɾ,660,660,100.0
90L_10NL_3_3,90L_10NL,3,ɾ e t e n ˈe ɾ,660,660,100.0
90L_10NL_3_4,90L_10NL,3,ɾ e t e n ˈe ɾ,660,660,100.0
