lemma,correct,total,accuracy,overall_accuracy
p ɾ o b e n ˈi ɾ,2640,2640,100.0,100.0
ɾ e b e ɾ d e s ˈe ɾ,2640,2640,100.0,100.0
e d u s ˈi ɾ,2640,2640,100.0,100.0
s u p o n ˈe ɾ,2640,2640,100.0,100.0
k o n t e n ˈe ɾ,2640,2640,100.0,100.0
k o ç ˈe ɾ,2640,2640,100.0,100.0
ɾ e p o n ˈe ɾ,2640,2640,100.0,100.0
ɾ e d i ɾ i ç ˈi ɾ,2640,2640,100.0,100.0
e m u l ç ˈe ɾ,2640,2640,100.0,100.0
k o n d u s ˈi ɾ,2640,2640,100.0,100.0
e n b a n e s ˈe ɾ,2640,2640,100.0,100.0
l u s ˈi ɾ,2640,2640,100.0,100.0
k o n b e ɾ ç ˈe ɾ,220,220,100.0,100.0
e n f e b ɾ e s ˈe ɾ,2640,2640,100.0,100.0
e n f u ɾ e s ˈe ɾ,2640,2640,100.0,100.0
p ɾ o p o n ˈe ɾ,2640,2640,100.0,100.0
i n d u s ˈi ɾ,2640,2640,100.0,100.0
p u n ç ˈi ɾ,2640,2640,100.0,100.0
f o ɾ t a l e s ˈe ɾ,2640,2640,100.0,100.0
a d o l e s ˈe ɾ,2640,2640,100.0,100.0
p ɾ e b e n ˈi ɾ,2640,2640,100.0,100.0
i n d i s p o n ˈe ɾ,2640,2640,100.0,100.0
a f l i ç ˈi ɾ,2640,2640,100.0,100.0
ɾ e k o m p o n ˈe ɾ,2640,2640,100.0,100.0
e n ɡ ɾ a n d e s ˈe ɾ,2640,2640,100.0,100.0
o s k u ɾ e s ˈe ɾ,2640,2640,100.0,100.0
i n t e ɾ b e n ˈi ɾ,2640,2640,100.0,100.0
o p o n ˈe ɾ,5280,5280,100.0,100.0
k o m p o n ˈe ɾ,2640,2640,100.0,100.0
e n l o k e s ˈe ɾ,2640,2640,100.0,100.0
e n a ɾ d e s ˈe ɾ,5279,5280,99.98125,99.98
e n k a ʃ e s ˈe ɾ,5279,5280,99.98125,99.98
d e s l u s ˈi ɾ,2639,2640,99.9625,99.96
i n b e n ˈi ɾ,2639,2640,99.9625,99.96
ɾ e k o ç ˈe ɾ,2639,2640,99.9625,99.96
d i ɾ i ç ˈi ɾ,2638,2640,99.925,99.92
ɾ e k ɾ u d e s ˈe ɾ,2638,2640,99.925,99.92
d e ɾ e l i n k ˈi ɾ,2637,2640,99.8875,99.89
e m e ɾ ç ˈe ɾ,2637,2640,99.8875,99.89
k o n t ɾ a ˈe ɾ,2636,2640,99.8475,99.85
k o n b e ɾ ç ˈi ɾ,2416,2420,99.83500000000001,99.83
e n l u s ˈi ɾ,5268,5280,99.77250000000001,99.77
a t e n ˈe ɾ,2633,2640,99.735,99.73
a p o n ˈe ɾ,2632,2640,99.69749999999999,99.7
d i b e ɾ ç ˈi ɾ,2632,2640,99.6975,99.7
d e s b a n e s ˈe ɾ,7894,7920,99.67166666666667,99.67
e n k o ç ˈe ɾ,2629,2640,99.5825,99.58
ɾ e s t ɾ i n ç ˈi ɾ,2629,2640,99.58500000000001,99.58
s o s t e n ˈe ɾ,2628,2640,99.545,99.55
s i ɾ k u n b e n ˈi ɾ,5249,5280,99.41375,99.41
a k o n t e s ˈe ɾ,2622,2640,99.3175,99.32
e s k l a ɾ e s ˈe ɾ,2620,2640,99.2425,99.24
ɾ e t e n ˈe ɾ,5236,5280,99.1675,99.17
d e s p a ɾ e s ˈe ɾ,10457,10560,99.025,99.02
p ɾ e d e s ˈi ɾ,2606,2640,98.71000000000001,98.71
ɾ e t ɾ a d u s ˈi ɾ,2600,2640,98.485,98.48
e n b i l e s ˈe ɾ,5184,5280,98.1825,98.18
d e d u s ˈi ɾ,10287,10560,97.41499999999999,97.41
a b s t ɾ a ˈe ɾ,5132,5280,97.19624999999999,97.2
e s k a ɾ n e s ˈe ɾ,2563,2640,97.0825,97.08
k o p ɾ o d u s ˈi ɾ,7679,7920,96.95666666666666,96.96
ɾ e s t a b l e s ˈe ɾ,5119,5280,96.95,96.95
a p e t e s ˈe ɾ,2556,2640,96.8175,96.82
d e s a p a ɾ e s ˈe ɾ,5106,5280,96.705,96.7
ɾ e j n t ɾ o d u s ˈi ɾ,2552,2640,96.66749999999999,96.67
f a b o ɾ e s ˈe ɾ,2552,2640,96.6675,96.67
f u n ç ˈi ɾ,7649,7920,96.57833333333333,96.58
s o b ɾ e k o ç ˈe ɾ,5087,5280,96.345,96.34
k a ɾ e s ˈe ɾ,5083,5280,96.26875,96.27
u n ç ˈi ɾ,2540,2640,96.2125,96.21
p a d e s ˈe ɾ,5079,5280,96.19375,96.19
ʃ a s ˈe ɾ,2538,2640,96.13499999999999,96.14
s u b s t ɾ a ˈe ɾ,5049,5280,95.62625,95.62
ɾ e a p a ɾ e s ˈe ɾ,5048,5280,95.60625,95.61
e n s o m b ɾ e s ˈe ɾ,7530,7920,95.07583333333334,95.08
d e s o b e d e s ˈe ɾ,5016,5280,95.0,95.0
o b s k u ɾ e s ˈe ɾ,2499,2640,94.6575,94.66
p ɾ e s u p o n ˈe ɾ,2496,2640,94.545,94.55
ɾ e k a ˈe ɾ,2495,2640,94.5075,94.51
ɾ e k o n d u s ˈi ɾ,2487,2640,94.205,94.2
a b o r e s ˈe ɾ,4972,5280,94.1675,94.17
e n k a ɾ e s ˈe ɾ,4964,5280,94.015,94.02
t ɾ a s p o n ˈe ɾ,4957,5280,93.8825,93.88
e n s e ɡ e s ˈe ɾ,4956,5280,93.86375,93.86
d e t ɾ a ˈe ɾ,4949,5280,93.7325,93.73
f e n e s ˈe ɾ,2468,2640,93.485,93.48
f a ʃ e s ˈe ɾ,2467,2640,93.4475,93.45
u ɾ ç ˈi ɾ,4921,5280,93.20125,93.2
a d o ɾ m e s ˈe ɾ,2455,2640,92.9925,92.99
ɾ e k o s ˈe ɾ,2454,2640,92.95750000000001,92.95
e n t e ɾ n e s ˈe ɾ,7346,7920,92.75333333333333,92.75
s u ɾ s ˈi ɾ,4893,5280,92.67125,92.67
e k s t ɾ a ˈe ɾ,4886,5280,92.5375,92.54
ɾ o b u s t e s ˈe ɾ,2442,2640,92.5,92.5
e s p a ɾ s ˈi ɾ,2440,2640,92.4225,92.42
n a s ˈe ɾ,2437,2640,92.3125,92.31
a p a ɾ e s ˈe ɾ,4874,5280,92.31125,92.31
i n t e l i ç ˈi ɾ,4867,5280,92.1775,92.18
a m a n e s ˈe ɾ,9729,10560,92.130625,92.13
d e s t o ɾ s ˈe ɾ,4834,5280,91.55375000000001,91.55
e n f l a k e s ˈe ɾ,4800,5280,90.91,90.91
p a l i d e s ˈe ɾ,7166,7920,90.48,90.48
s a l ˈi ɾ,2384,2640,90.30250000000001,90.3
a n o ʧ e s ˈe ɾ,2379,2640,90.1125,90.11
f l o ɾ e s ˈe ɾ,4756,5280,90.07625,90.08
e n m u d e s ˈe ɾ,2368,2640,89.695,89.7
k o m p u n ç ˈi ɾ,4729,5280,89.56375,89.56
a b e n ˈi ɾ,2364,2640,89.545,89.55
u n s ˈi ɾ,4705,5280,89.11125,89.11
a s t ɾ i n ç ˈi ɾ,4692,5280,88.865,88.86
a r e s ˈi ɾ,2343,2640,88.75,88.75
ɾ e s u ɾ ç ˈi ɾ,2337,2640,88.525,88.52
e ɾ i ç ˈi ɾ,2332,2640,88.3325,88.33
ɾ e b e n ˈi ɾ,4664,5280,88.33375,88.33
k o d i ɾ i ç ˈi ɾ,4652,5280,88.10625,88.11
i n t e ɾ p o n ˈe ɾ,2303,2640,87.235,87.23
m u l s ˈe ɾ,4602,5280,87.16,87.16
k o m p a ɾ e s ˈe ɾ,2299,2640,87.0825,87.08
e s t a b l e s ˈe ɾ,2298,2640,87.0475,87.05
b a l ˈe ɾ,2281,2640,86.4025,86.4
e m b e ʃ e s ˈe ɾ,4557,5280,86.3075,86.31
e n ɾ i k e s ˈe ɾ,4540,5280,85.985,85.98
a t ɾ a ˈe ɾ,2267,2640,85.87,85.87
ɾ e l u s ˈi ɾ,2266,2640,85.8325,85.83
p ɾ o d u s ˈi ɾ,2263,2640,85.72,85.72
e s k o s ˈe ɾ,2261,2640,85.64500000000001,85.64
t ɾ a ˈe ɾ,4507,5280,85.36125,85.36
k o l e ç ˈi ɾ,4485,5280,84.94375,84.94
ɾ e a s ˈe ɾ,2234,2640,84.62,84.62
ɾ e d e s ˈi ɾ,8911,10560,84.38375,84.38
f ɾ a n ç ˈi ɾ,6669,7920,84.205,84.2
o f ɾ e s ˈe ɾ,4435,5280,83.995,84.0
a d u s ˈi ɾ,2212,2640,83.78999999999999,83.79
e n b e x e s ˈe ɾ,4359,5280,82.55625,82.56
p ɾ e b a l e s ˈe ɾ,2170,2640,82.195,82.2
d e b e n ˈi ɾ,6481,7920,81.83083333333333,81.83
e l i ç ˈi ɾ,6392,7920,80.70416666666667,80.71
k o n o s ˈe ɾ,4259,5280,80.6625,80.66
k o n t ɾ a d e s ˈi ɾ,2123,2640,80.41499999999999,80.42
k o n f l i ç ˈi ɾ,2095,2640,79.3575,79.36
e x e ɾ s ˈe ɾ,6274,7920,79.21583333333334,79.22
e n ɾ o x e s ˈe ɾ,2063,2640,78.1425,78.14
f u l ç ˈi ɾ,2062,2640,78.1075,78.11
p e ɾ m a n e s ˈe ɾ,4115,5280,77.935,77.94
e m u n ç ˈe ɾ,4103,5280,77.7075,77.71
i n f ɾ i n ç ˈi ɾ,2023,2640,76.6275,76.63
d e p o n ˈe ɾ,2020,2640,76.515,76.52
e m p o b ɾ e s ˈe ɾ,2006,2640,75.985,75.98
m a n t e n ˈe ɾ,2000,2640,75.7575,75.76
m u l ç ˈe ɾ,5957,7920,75.21416666666666,75.21
a t a ɾ d e s ˈe ɾ,3911,5280,74.0725,74.07
d i s t ɾ a ˈe ɾ,1951,2640,73.9,73.9
d e s k o s ˈe ɾ,811,1100,73.72749999999999,73.73
e n k a n e s ˈe ɾ,1944,2640,73.63749999999999,73.64
d e s k o m p o n ˈe ɾ,3819,5280,72.33,72.33
e n s o ɾ d e s ˈe ɾ,1888,2640,71.515,71.52
e k i b a l ˈe ɾ,5646,7920,71.28833333333334,71.29
e n n e ɡ ɾ e s ˈe ɾ,1879,2640,71.175,71.17
d e s a ɡ ɾ a d e s ˈe ɾ,3658,5280,69.28125,69.28
k a ˈe ɾ,1806,2640,68.41,68.41
ɾ e t ɾ o t ɾ a ˈe ɾ,1800,2640,68.1825,68.18
l a n ɡ i d e s ˈe ɾ,3599,5280,68.16375,68.16
ɾ e b l a n d e s ˈe ɾ,1797,2640,68.07,68.07
a n t e d e s ˈi ɾ,5387,7920,68.01833333333333,68.02
k o n d e s ˈi ɾ,1753,2640,66.4025,66.4
k o r e ç ˈi ɾ,1718,2640,65.075,65.08
ʃ u k s t a p o n ˈe ɾ,1672,2640,63.3325,63.33
e n a l t e s ˈe ɾ,1662,2640,62.9525,62.95
m a l d e s ˈi ɾ,4910,7920,61.99583333333334,61.99
b a l b u s ˈi ɾ,1575,2640,59.66,59.66
ɾ e t o ɾ s ˈe ɾ,1549,2640,58.6725,58.67
k o m p a d e s ˈe ɾ,1542,2640,58.41,58.41
d e s a s ˈe ɾ,4017,7040,69.55375000000001,57.06
d e s f a b o ɾ e s ˈe ɾ,1501,2640,56.855000000000004,56.86
ɡ w a ɾ e s ˈe ɾ,4315,7920,54.482499999999995,54.48
e n n o b l e s ˈe ɾ,1426,2640,54.015,54.02
ɾ e f u l ç ˈi ɾ,1408,2640,53.3325,53.33
e n o ɾ ɡ u ʃ e s ˈe ɾ,2757,5280,52.2175,52.22
m e ɾ e s ˈe ɾ,1364,2640,51.667500000000004,51.67
o b t e n ˈe ɾ,4078,7920,51.490833333333335,51.49
ɾ e a b a s t e s ˈe ɾ,1358,2640,51.44,51.44
x a k ˈi ɾ,1355,2640,51.325,51.33
a k a e s ˈe ɾ,1342,2640,50.832499999999996,50.83
e m p o d ɾ e s ˈe ɾ,1315,2640,49.8125,49.81
s u p e ɾ b e n ˈi ɾ,1089,2640,41.25,41.25
t ɾ a n s i ç ˈi ɾ,1070,2640,40.53,40.53
s u b ʃ a s ˈe ɾ,1026,2640,38.8625,38.86
e n m o e s ˈe ɾ,1726,5280,32.69,32.69
a d ʃ a s ˈe ɾ,1714,5280,32.4625,32.46
d e s a s ˈi ɾ,1100,3520,31.25,31.25
k o n b e n s ˈe ɾ,2261,7920,28.548333333333332,28.55
ɾ e e s t a b l e s ˈe ɾ,660,2640,25.0,25.0
b e n d e s ˈi ɾ,632,2640,23.9375,23.94
k o n t ɾ a a s ˈe ɾ,1333,7920,16.830833333333334,16.83
s o b ɾ e s a l ˈi ɾ,438,2640,16.5925,16.59
p ɾ e e s t a b l e s ˈe ɾ,282,2640,10.6825,10.68
ɡ w a ɾ n e s ˈe ɾ,0,2640,0.0,0.0
